[
  {
    "project_name": "Microsofttodo",
    "test_suite_name": "testsuite1",
    "section_path": "Test Cases",
    "test_case_id": 68,
    "title": "Validate Add Task Flow with Unique Data Set 1",
    "preconditions": "Microsoft To Do application is installed, launchable, and user is logged in.",
    "steps": [
      "Arrange: Launch Microsoft To Do application and navigate to My Day page.",
      "Act: Click 'Add Task' button, enter task name 'Automation Task 1 - Report Submission' in the textbox, and press Enter key.",
      "Assert: Verify that task 'Automation Task 1 - Report Submission' appears in the My Day task list."
    ],
    "expected_result": "Task 'Automation Task 1 - Report Submission' is successfully created and visible in My Day list.",
    "automation_statuses": "windows can automate",
    "tags": ""
  },
  {
    "project_name": "Microsofttodo",
    "test_suite_name": "testsuite1",
    "section_path": "Test Cases",
    "test_case_id": 69,
    "title": "Validate Add Task Flow with Unique Data Set 2",
    "preconditions": "Microsoft To Do application is installed, launchable, and user is logged in.",
    "steps": [
      "Arrange: Launch Microsoft To Do application and navigate to My Day page.",
      "Act: Click 'Add Task' button, enter task name 'Automation Task 2 - Report Submission' in the textbox, and press Enter key.",
      "Assert: Verify that task 'Automation Task 2 - Report Submission' appears in the My Day task list."
    ],
    "expected_result": "Task 'Automation Task 2 - Report Submission' is successfully created and visible in My Day list.",
    "automation_statuses": "windows can automate",
    "tags": ""
  },
  {
    "project_name": "Microsofttodo",
    "test_suite_name": "testsuite1",
    "section_path": "Test Cases",
    "test_case_id": 70,
    "title": "Validate Add Task Flow with Unique Data Set 3",
    "preconditions": "Microsoft To Do application is installed, launchable, and user is logged in.",
    "steps": [
      "Arrange: Launch Microsoft To Do application and navigate to My Day page.",
      "Act: Click 'Add Task' button, enter task name 'Automation Task 3 - Report Submission' in the textbox, and press Enter key.",
      "Assert: Verify that task 'Automation Task 3 - Report Submission' appears in the My Day task list."
    ],
    "expected_result": "Task 'Automation Task 3 - Report Submission' is successfully created and visible in My Day list.",
    "automation_statuses": "windows can automate",
    "tags": ""
  },
  {
    "project_name": "Microsofttodo",
    "test_suite_name": "testsuite1",
    "section_path": "Test Cases",
    "test_case_id": 71,
    "title": "Validate Add Task Flow with Unique Data Set 4",
    "preconditions": "Microsoft To Do application is installed, launchable, and user is logged in.",
    "steps": [
      "Arrange: Launch Microsoft To Do application and navigate to My Day page.",
      "Act: Click 'Add Task' button, enter task name 'Automation Task 4 - Report Submission' in the textbox, and press Enter key.",
      "Assert: Verify that task 'Automation Task 4 - Report Submission' appears in the My Day task list."
    ],
    "expected_result": "Task 'Automation Task 4 - Report Submission' is successfully created and visible in My Day list.",
    "automation_statuses": "windows can automate",
    "tags": ""
  },
  {
    "project_name": "Microsofttodo",
    "test_suite_name": "testsuite1",
    "section_path": "Test Cases",
    "test_case_id": 72,
    "title": "Validate Add Task Flow with Unique Data Set 5",
    "preconditions": "Microsoft To Do application is installed, launchable, and user is logged in.",
    "steps": [
      "Arrange: Launch Microsoft To Do application and navigate to My Day page.",
      "Act: Click 'Add Task' button, enter task name 'Automation Task 5 - Report Submission' in the textbox, and press Enter key.",
      "Assert: Verify that task 'Automation Task 5 - Report Submission' appears in the My Day task list."
    ],
    "expected_result": "Task 'Automation Task 5 - Report Submission' is successfully created and visible in My Day list.",
    "automation_statuses": "windows can automate",
    "tags": ""
  },
  {
    "project_name": "Microsofttodo",
    "test_suite_name": "testsuite1",
    "section_path": "Test Cases",
    "test_case_id": 73,
    "title": "Validate Add Task Flow with Unique Data Set 6",
    "preconditions": "Microsoft To Do application is installed, launchable, and user is logged in.",
    "steps": [
      "Arrange: Launch Microsoft To Do application and navigate to My Day page.",
      "Act: Click 'Add Task' button, enter task name 'Automation Task 6 - Report Submission' in the textbox, and press Enter key.",
      "Assert: Verify that task 'Automation Task 6 - Report Submission' appears in the My Day task list."
    ],
    "expected_result": "Task 'Automation Task 6 - Report Submission' is successfully created and visible in My Day list.",
    "automation_statuses": "windows can automate",
    "tags": ""
  },
  {
    "project_name": "Microsofttodo",
    "test_suite_name": "testsuite1",
    "section_path": "Test Cases",
    "test_case_id": 74,
    "title": "Validate Add Task Flow with Unique Data Set 7",
    "preconditions": "Microsoft To Do application is installed, launchable, and user is logged in.",
    "steps": [
      "Arrange: Launch Microsoft To Do application and navigate to My Day page.",
      "Act: Click 'Add Task' button, enter task name 'Automation Task 7 - Report Submission' in the textbox, and press Enter key.",
      "Assert: Verify that task 'Automation Task 7 - Report Submission' appears in the My Day task list."
    ],
    "expected_result": "Task 'Automation Task 7 - Report Submission' is successfully created and visible in My Day list.",
    "automation_statuses": "windows can automate",
    "tags": ""
  },
  {
    "project_name": "Microsofttodo",
    "test_suite_name": "testsuite1",
    "section_path": "Test Cases",
    "test_case_id": 75,
    "title": "Validate Add Task Flow with Unique Data Set 8",
    "preconditions": "Microsoft To Do application is installed, launchable, and user is logged in.",
    "steps": [
      "Arrange: Launch Microsoft To Do application and navigate to My Day page.",
      "Act: Click 'Add Task' button, enter task name 'Automation Task 8 - Report Submission' in the textbox, and press Enter key.",
      "Assert: Verify that task 'Automation Task 8 - Report Submission' appears in the My Day task list."
    ],
    "expected_result": "Task 'Automation Task 8 - Report Submission' is successfully created and visible in My Day list.",
    "automation_statuses": "windows can automate",
    "tags": ""
  },
  {
    "project_name": "Microsofttodo",
    "test_suite_name": "testsuite1",
    "section_path": "Test Cases",
    "test_case_id": 76,
    "title": "Validate Add Task Flow with Unique Data Set 9",
    "preconditions": "Microsoft To Do application is installed, launchable, and user is logged in.",
    "steps": [
      "Arrange: Launch Microsoft To Do application and navigate to My Day page.",
      "Act: Click 'Add Task' button, enter task name 'Automation Task 9 - Report Submission' in the textbox, and press Enter key.",
      "Assert: Verify that task 'Automation Task 9 - Report Submission' appears in the My Day task list."
    ],
    "expected_result": "Task 'Automation Task 9 - Report Submission' is successfully created and visible in My Day list.",
    "automation_statuses": "windows can automate",
    "tags": ""
  },
  {
    "project_name": "Microsofttodo",
    "test_suite_name": "testsuite1",
    "section_path": "Test Cases",
    "test_case_id": 77,
    "title": "Validate Add Task Flow with Unique Data Set 10",
    "preconditions": "Microsoft To Do application is installed, launchable, and user is logged in.",
    "steps": [
      "Arrange: Launch Microsoft To Do application and navigate to My Day page.",
      "Act: Click 'Add Task' button, enter task name 'Automation Task 10 - Report Submission' in the textbox, and press Enter key.",
      "Assert: Verify that task 'Automation Task 10 - Report Submission' appears in the My Day task list."
    ],
    "expected_result": "Task 'Automation Task 10 - Report Submission' is successfully created and visible in My Day list.",
    "automation_statuses": "windows can automate",
    "tags": ""
  },
  {
    "project_name": "Microsofttodo",
    "test_suite_name": "testsuite1",
    "section_path": "Test Cases",
    "test_case_id": 78,
    "title": "Validate Add Task Flow with Unique Data Set 11",
    "preconditions": "Microsoft To Do application is installed, launchable, and user is logged in.",
    "steps": [
      "Arrange: Launch Microsoft To Do application and navigate to My Day page.",
      "Act: Click 'Add Task' button, enter task name 'Automation Task 11 - Report Submission' in the textbox, and press Enter key.",
      "Assert: Verify that task 'Automation Task 11 - Report Submission' appears in the My Day task list."
    ],
    "expected_result": "Task 'Automation Task 11 - Report Submission' is successfully created and visible in My Day list.",
    "automation_statuses": "windows can automate",
    "tags": ""
  },
  {
    "project_name": "Microsofttodo",
    "test_suite_name": "testsuite1",
    "section_path": "Test Cases",
    "test_case_id": 79,
    "title": "Validate Add Task Flow with Unique Data Set 12",
    "preconditions": "Microsoft To Do application is installed, launchable, and user is logged in.",
    "steps": [
      "Arrange: Launch Microsoft To Do application and navigate to My Day page.",
      "Act: Click 'Add Task' button, enter task name 'Automation Task 12 - Report Submission' in the textbox, and press Enter key.",
      "Assert: Verify that task 'Automation Task 12 - Report Submission' appears in the My Day task list."
    ],
    "expected_result": "Task 'Automation Task 12 - Report Submission' is successfully created and visible in My Day list.",
    "automation_statuses": "windows can automate",
    "tags": ""
  },
  {
    "project_name": "Microsofttodo",
    "test_suite_name": "testsuite1",
    "section_path": "Test Cases",
    "test_case_id": 80,
    "title": "Validate Add Task Flow with Unique Data Set 13",
    "preconditions": "Microsoft To Do application is installed, launchable, and user is logged in.",
    "steps": [
      "Arrange: Launch Microsoft To Do application and navigate to My Day page.",
      "Act: Click 'Add Task' button, enter task name 'Automation Task 13 - Report Submission' in the textbox, and press Enter key.",
      "Assert: Verify that task 'Automation Task 13 - Report Submission' appears in the My Day task list."
    ],
    "expected_result": "Task 'Automation Task 13 - Report Submission' is successfully created and visible in My Day list.",
    "automation_statuses": "windows can automate",
    "tags": ""
  },
  {
    "project_name": "Microsofttodo",
    "test_suite_name": "testsuite1",
    "section_path": "Test Cases",
    "test_case_id": 81,
    "title": "Validate Add Task Flow with Unique Data Set 14",
    "preconditions": "Microsoft To Do application is installed, launchable, and user is logged in.",
    "steps": [
      "Arrange: Launch Microsoft To Do application and navigate to My Day page.",
      "Act: Click 'Add Task' button, enter task name 'Automation Task 14 - Report Submission' in the textbox, and press Enter key.",
      "Assert: Verify that task 'Automation Task 14 - Report Submission' appears in the My Day task list."
    ],
    "expected_result": "Task 'Automation Task 14 - Report Submission' is successfully created and visible in My Day list.",
    "automation_statuses": "windows can automate",
    "tags": ""
  },
  {
    "project_name": "Microsofttodo",
    "test_suite_name": "testsuite1",
    "section_path": "Test Cases",
    "test_case_id": 82,
    "title": "Validate Add Task Flow with Unique Data Set 15",
    "preconditions": "Microsoft To Do application is installed, launchable, and user is logged in.",
    "steps": [
      "Arrange: Launch Microsoft To Do application and navigate to My Day page.",
      "Act: Click 'Add Task' button, enter task name 'Automation Task 15 - Report Submission' in the textbox, and press Enter key.",
      "Assert: Verify that task 'Automation Task 15 - Report Submission' appears in the My Day task list."
    ],
    "expected_result": "Task 'Automation Task 15 - Report Submission' is successfully created and visible in My Day list.",
    "automation_statuses": "windows can automate",
    "tags": ""
  },
  {
    "project_name": "Microsofttodo",
    "test_suite_name": "testsuite1",
    "section_path": "Test Cases",
    "test_case_id": 83,
    "title": "Validate Add Task Flow with Unique Data Set 16",
    "preconditions": "Microsoft To Do application is installed, launchable, and user is logged in.",
    "steps": [
      "Arrange: Launch Microsoft To Do application and navigate to My Day page.",
      "Act: Click 'Add Task' button, enter task name 'Automation Task 16 - Report Submission' in the textbox, and press Enter key.",
      "Assert: Verify that task 'Automation Task 16 - Report Submission' appears in the My Day task list."
    ],
    "expected_result": "Task 'Automation Task 16 - Report Submission' is successfully created and visible in My Day list.",
    "automation_statuses": "windows can automate",
    "tags": ""
  },
  {
    "project_name": "Microsofttodo",
    "test_suite_name": "testsuite1",
    "section_path": "Test Cases",
    "test_case_id": 84,
    "title": "Validate Add Task Flow with Unique Data Set 17",
    "preconditions": "Microsoft To Do application is installed, launchable, and user is logged in.",
    "steps": [
      "Arrange: Launch Microsoft To Do application and navigate to My Day page.",
      "Act: Click 'Add Task' button, enter task name 'Automation Task 17 - Report Submission' in the textbox, and press Enter key.",
      "Assert: Verify that task 'Automation Task 17 - Report Submission' appears in the My Day task list."
    ],
    "expected_result": "Task 'Automation Task 17 - Report Submission' is successfully created and visible in My Day list.",
    "automation_statuses": "windows can automate",
    "tags": ""
  },
  {
    "project_name": "Microsofttodo",
    "test_suite_name": "testsuite1",
    "section_path": "Test Cases",
    "test_case_id": 85,
    "title": "Validate Add Task Flow with Unique Data Set 18",
    "preconditions": "Microsoft To Do application is installed, launchable, and user is logged in.",
    "steps": [
      "Arrange: Launch Microsoft To Do application and navigate to My Day page.",
      "Act: Click 'Add Task' button, enter task name 'Automation Task 18 - Report Submission' in the textbox, and press Enter key.",
      "Assert: Verify that task 'Automation Task 18 - Report Submission' appears in the My Day task list."
    ],
    "expected_result": "Task 'Automation Task 18 - Report Submission' is successfully created and visible in My Day list.",
    "automation_statuses": "windows can automate",
    "tags": ""
  },
  {
    "project_name": "Microsofttodo",
    "test_suite_name": "testsuite1",
    "section_path": "Test Cases",
    "test_case_id": 86,
    "title": "Validate Add Task Flow with Unique Data Set 19",
    "preconditions": "Microsoft To Do application is installed, launchable, and user is logged in.",
    "steps": [
      "Arrange: Launch Microsoft To Do application and navigate to My Day page.",
      "Act: Click 'Add Task' button, enter task name 'Automation Task 19 - Report Submission' in the textbox, and press Enter key.",
      "Assert: Verify that task 'Automation Task 19 - Report Submission' appears in the My Day task list."
    ],
    "expected_result": "Task 'Automation Task 19 - Report Submission' is successfully created and visible in My Day list.",
    "automation_statuses": "windows can automate",
    "tags": ""
  },
  {
    "project_name": "Microsofttodo",
    "test_suite_name": "testsuite1",
    "section_path": "Test Cases",
    "test_case_id": 87,
    "title": "Validate Add Task Flow with Unique Data Set 20",
    "preconditions": "Microsoft To Do application is installed, launchable, and user is logged in.",
    "steps": [
      "Arrange: Launch Microsoft To Do application and navigate to My Day page.",
      "Act: Click 'Add Task' button, enter task name 'Automation Task 20 - Report Submission' in the textbox, and press Enter key.",
      "Assert: Verify that task 'Automation Task 20 - Report Submission' appears in the My Day task list."
    ],
    "expected_result": "Task 'Automation Task 20 - Report Submission' is successfully created and visible in My Day list.",
    "automation_statuses": "windows can automate",
    "tags": ""
  },
  {
    "project_name": "Microsofttodo",
    "test_suite_name": "testsuite1",
    "section_path": "Test Cases",
    "test_case_id": 88,
    "title": "Validate Add Task Flow with Unique Data Set 21",
    "preconditions": "Microsoft To Do application is installed, launchable, and user is logged in.",
    "steps": [
      "Arrange: Launch Microsoft To Do application and navigate to My Day page.",
      "Act: Click 'Add Task' button, enter task name 'Automation Task 21 - Report Submission' in the textbox, and press Enter key.",
      "Assert: Verify that task 'Automation Task 21 - Report Submission' appears in the My Day task list."
    ],
    "expected_result": "Task 'Automation Task 21 - Report Submission' is successfully created and visible in My Day list.",
    "automation_statuses": "windows can automate",
    "tags": ""
  },
  {
    "project_name": "Microsofttodo",
    "test_suite_name": "testsuite1",
    "section_path": "Test Cases",
    "test_case_id": 89,
    "title": "Validate Add Task Flow with Unique Data Set 22",
    "preconditions": "Microsoft To Do application is installed, launchable, and user is logged in.",
    "steps": [
      "Arrange: Launch Microsoft To Do application and navigate to My Day page.",
      "Act: Click 'Add Task' button, enter task name 'Automation Task 22 - Report Submission' in the textbox, and press Enter key.",
      "Assert: Verify that task 'Automation Task 22 - Report Submission' appears in the My Day task list."
    ],
    "expected_result": "Task 'Automation Task 22 - Report Submission' is successfully created and visible in My Day list.",
    "automation_statuses": "windows can automate",
    "tags": ""
  },
  {
    "project_name": "Microsofttodo",
    "test_suite_name": "testsuite1",
    "section_path": "Test Cases",
    "test_case_id": 90,
    "title": "Validate Add Task Flow with Unique Data Set 23",
    "preconditions": "Microsoft To Do application is installed, launchable, and user is logged in.",
    "steps": [
      "Arrange: Launch Microsoft To Do application and navigate to My Day page.",
      "Act: Click 'Add Task' button, enter task name 'Automation Task 23 - Report Submission' in the textbox, and press Enter key.",
      "Assert: Verify that task 'Automation Task 23 - Report Submission' appears in the My Day task list."
    ],
    "expected_result": "Task 'Automation Task 23 - Report Submission' is successfully created and visible in My Day list.",
    "automation_statuses": "windows can automate",
    "tags": ""
  },
  {
    "project_name": "Microsofttodo",
    "test_suite_name": "testsuite1",
    "section_path": "Test Cases",
    "test_case_id": 91,
    "title": "Validate Add Task Flow with Unique Data Set 24",
    "preconditions": "Microsoft To Do application is installed, launchable, and user is logged in.",
    "steps": [
      "Arrange: Launch Microsoft To Do application and navigate to My Day page.",
      "Act: Click 'Add Task' button, enter task name 'Automation Task 24 - Report Submission' in the textbox, and press Enter key.",
      "Assert: Verify that task 'Automation Task 24 - Report Submission' appears in the My Day task list."
    ],
    "expected_result": "Task 'Automation Task 24 - Report Submission' is successfully created and visible in My Day list.",
    "automation_statuses": "windows can automate",
    "tags": ""
  },
  {
    "project_name": "Microsofttodo",
    "test_suite_name": "testsuite1",
    "section_path": "Test Cases",
    "test_case_id": 92,
    "title": "Validate Add Task Flow with Unique Data Set 25",
    "preconditions": "Microsoft To Do application is installed, launchable, and user is logged in.",
    "steps": [
      "Arrange: Launch Microsoft To Do application and navigate to My Day page.",
      "Act: Click 'Add Task' button, enter task name 'Automation Task 25 - Report Submission' in the textbox, and press Enter key.",
      "Assert: Verify that task 'Automation Task 25 - Report Submission' appears in the My Day task list."
    ],
    "expected_result": "Task 'Automation Task 25 - Report Submission' is successfully created and visible in My Day list.",
    "automation_statuses": "windows can automate",
    "tags": ""
  },
  {
    "project_name": "Microsofttodo",
    "test_suite_name": "testsuite1",
    "section_path": "Test Cases",
    "test_case_id": 93,
    "title": "Validate Add Task Flow with Unique Data Set 26",
    "preconditions": "Microsoft To Do application is installed, launchable, and user is logged in.",
    "steps": [
      "Arrange: Launch Microsoft To Do application and navigate to My Day page.",
      "Act: Click 'Add Task' button, enter task name 'Automation Task 26 - Report Submission' in the textbox, and press Enter key.",
      "Assert: Verify that task 'Automation Task 26 - Report Submission' appears in the My Day task list."
    ],
    "expected_result": "Task 'Automation Task 26 - Report Submission' is successfully created and visible in My Day list.",
    "automation_statuses": "windows can automate",
    "tags": ""
  },
  {
    "project_name": "Microsofttodo",
    "test_suite_name": "testsuite1",
    "section_path": "Test Cases",
    "test_case_id": 94,
    "title": "Validate Add Task Flow with Unique Data Set 27",
    "preconditions": "Microsoft To Do application is installed, launchable, and user is logged in.",
    "steps": [
      "Arrange: Launch Microsoft To Do application and navigate to My Day page.",
      "Act: Click 'Add Task' button, enter task name 'Automation Task 27 - Report Submission' in the textbox, and press Enter key.",
      "Assert: Verify that task 'Automation Task 27 - Report Submission' appears in the My Day task list."
    ],
    "expected_result": "Task 'Automation Task 27 - Report Submission' is successfully created and visible in My Day list.",
    "automation_statuses": "windows can automate",
    "tags": ""
  },
  {
    "project_name": "Microsofttodo",
    "test_suite_name": "testsuite1",
    "section_path": "Test Cases",
    "test_case_id": 95,
    "title": "Validate Add Task Flow with Unique Data Set 28",
    "preconditions": "Microsoft To Do application is installed, launchable, and user is logged in.",
    "steps": [
      "Arrange: Launch Microsoft To Do application and navigate to My Day page.",
      "Act: Click 'Add Task' button, enter task name 'Automation Task 28 - Report Submission' in the textbox, and press Enter key.",
      "Assert: Verify that task 'Automation Task 28 - Report Submission' appears in the My Day task list."
    ],
    "expected_result": "Task 'Automation Task 28 - Report Submission' is successfully created and visible in My Day list.",
    "automation_statuses": "windows can automate",
    "tags": ""
  },
  {
    "project_name": "Microsofttodo",
    "test_suite_name": "testsuite1",
    "section_path": "Test Cases",
    "test_case_id": 96,
    "title": "Validate Add Task Flow with Unique Data Set 29",
    "preconditions": "Microsoft To Do application is installed, launchable, and user is logged in.",
    "steps": [
      "Arrange: Launch Microsoft To Do application and navigate to My Day page.",
      "Act: Click 'Add Task' button, enter task name 'Automation Task 29 - Report Submission' in the textbox, and press Enter key.",
      "Assert: Verify that task 'Automation Task 29 - Report Submission' appears in the My Day task list."
    ],
    "expected_result": "Task 'Automation Task 29 - Report Submission' is successfully created and visible in My Day list.",
    "automation_statuses": "windows can automate",
    "tags": ""
  },
  {
    "project_name": "Microsofttodo",
    "test_suite_name": "testsuite1",
    "section_path": "Test Cases",
    "test_case_id": 97,
    "title": "Validate Add Task Flow with Unique Data Set 30",
    "preconditions": "Microsoft To Do application is installed, launchable, and user is logged in.",
    "steps": [
      "Arrange: Launch Microsoft To Do application and navigate to My Day page.",
      "Act: Click 'Add Task' button, enter task name 'Automation Task 30 - Report Submission' in the textbox, and press Enter key.",
      "Assert: Verify that task 'Automation Task 30 - Report Submission' appears in the My Day task list."
    ],
    "expected_result": "Task 'Automation Task 30 - Report Submission' is successfully created and visible in My Day list.",
    "automation_statuses": "windows can automate",
    "tags": ""
  },
  {
    "project_name": "Microsofttodo",
    "test_suite_name": "testsuite1",
    "section_path": "Test Cases",
    "test_case_id": 98,
    "title": "Validate Add Task Flow with Unique Data Set 31",
    "preconditions": "Microsoft To Do application is installed, launchable, and user is logged in.",
    "steps": [
      "Arrange: Launch Microsoft To Do application and navigate to My Day page.",
      "Act: Click 'Add Task' button, enter task name 'Automation Task 31 - Report Submission' in the textbox, and press Enter key.",
      "Assert: Verify that task 'Automation Task 31 - Report Submission' appears in the My Day task list."
    ],
    "expected_result": "Task 'Automation Task 31 - Report Submission' is successfully created and visible in My Day list.",
    "automation_statuses": "windows can automate",
    "tags": ""
  },
  {
    "project_name": "Microsofttodo",
    "test_suite_name": "testsuite1",
    "section_path": "Test Cases",
    "test_case_id": 99,
    "title": "Validate Add Task Flow with Unique Data Set 32",
    "preconditions": "Microsoft To Do application is installed, launchable, and user is logged in.",
    "steps": [
      "Arrange: Launch Microsoft To Do application and navigate to My Day page.",
      "Act: Click 'Add Task' button, enter task name 'Automation Task 32 - Report Submission' in the textbox, and press Enter key.",
      "Assert: Verify that task 'Automation Task 32 - Report Submission' appears in the My Day task list."
    ],
    "expected_result": "Task 'Automation Task 32 - Report Submission' is successfully created and visible in My Day list.",
    "automation_statuses": "windows can automate",
    "tags": ""
  },
  {
    "project_name": "Microsofttodo",
    "test_suite_name": "testsuite1",
    "section_path": "Test Cases",
    "test_case_id": 100,
    "title": "Validate Add Task Flow with Unique Data Set 33",
    "preconditions": "Microsoft To Do application is installed, launchable, and user is logged in.",
    "steps": [
      "Arrange: Launch Microsoft To Do application and navigate to My Day page.",
      "Act: Click 'Add Task' button, enter task name 'Automation Task 33 - Report Submission' in the textbox, and press Enter key.",
      "Assert: Verify that task 'Automation Task 33 - Report Submission' appears in the My Day task list."
    ],
    "expected_result": "Task 'Automation Task 33 - Report Submission' is successfully created and visible in My Day list.",
    "automation_statuses": "windows can automate",
    "tags": ""
  },
  {
    "project_name": "Microsofttodo",
    "test_suite_name": "testsuite1",
    "section_path": "Test Cases",
    "test_case_id": 101,
    "title": "Validate Add Task Flow with Unique Data Set 34",
    "preconditions": "Microsoft To Do application is installed, launchable, and user is logged in.",
    "steps": [
      "Arrange: Launch Microsoft To Do application and navigate to My Day page.",
      "Act: Click 'Add Task' button, enter task name 'Automation Task 34 - Report Submission' in the textbox, and press Enter key.",
      "Assert: Verify that task 'Automation Task 34 - Report Submission' appears in the My Day task list."
    ],
    "expected_result": "Task 'Automation Task 34 - Report Submission' is successfully created and visible in My Day list.",
    "automation_statuses": "windows can automate",
    "tags": ""
  },
  {
    "project_name": "Microsofttodo",
    "test_suite_name": "testsuite1",
    "section_path": "Test Cases",
    "test_case_id": 102,
    "title": "Validate Add Task Flow with Unique Data Set 35",
    "preconditions": "Microsoft To Do application is installed, launchable, and user is logged in.",
    "steps": [
      "Arrange: Launch Microsoft To Do application and navigate to My Day page.",
      "Act: Click 'Add Task' button, enter task name 'Automation Task 35 - Report Submission' in the textbox, and press Enter key.",
      "Assert: Verify that task 'Automation Task 35 - Report Submission' appears in the My Day task list."
    ],
    "expected_result": "Task 'Automation Task 35 - Report Submission' is successfully created and visible in My Day list.",
    "automation_statuses": "windows can automate",
    "tags": ""
  },
  {
    "project_name": "Microsofttodo",
    "test_suite_name": "testsuite1",
    "section_path": "Test Cases",
    "test_case_id": 103,
    "title": "Validate Add Task Flow with Unique Data Set 36",
    "preconditions": "Microsoft To Do application is installed, launchable, and user is logged in.",
    "steps": [
      "Arrange: Launch Microsoft To Do application and navigate to My Day page.",
      "Act: Click 'Add Task' button, enter task name 'Automation Task 36 - Report Submission' in the textbox, and press Enter key.",
      "Assert: Verify that task 'Automation Task 36 - Report Submission' appears in the My Day task list."
    ],
    "expected_result": "Task 'Automation Task 36 - Report Submission' is successfully created and visible in My Day list.",
    "automation_statuses": "windows can automate",
    "tags": ""
  },
  {
    "project_name": "Microsofttodo",
    "test_suite_name": "testsuite1",
    "section_path": "Test Cases",
    "test_case_id": 104,
    "title": "Validate Add Task Flow with Unique Data Set 37",
    "preconditions": "Microsoft To Do application is installed, launchable, and user is logged in.",
    "steps": [
      "Arrange: Launch Microsoft To Do application and navigate to My Day page.",
      "Act: Click 'Add Task' button, enter task name 'Automation Task 37 - Report Submission' in the textbox, and press Enter key.",
      "Assert: Verify that task 'Automation Task 37 - Report Submission' appears in the My Day task list."
    ],
    "expected_result": "Task 'Automation Task 37 - Report Submission' is successfully created and visible in My Day list.",
    "automation_statuses": "windows can automate",
    "tags": ""
  },
  {
    "project_name": "Microsofttodo",
    "test_suite_name": "testsuite1",
    "section_path": "Test Cases",
    "test_case_id": 105,
    "title": "Validate Add Task Flow with Unique Data Set 38",
    "preconditions": "Microsoft To Do application is installed, launchable, and user is logged in.",
    "steps": [
      "Arrange: Launch Microsoft To Do application and navigate to My Day page.",
      "Act: Click 'Add Task' button, enter task name 'Automation Task 38 - Report Submission' in the textbox, and press Enter key.",
      "Assert: Verify that task 'Automation Task 38 - Report Submission' appears in the My Day task list."
    ],
    "expected_result": "Task 'Automation Task 38 - Report Submission' is successfully created and visible in My Day list.",
    "automation_statuses": "windows can automate",
    "tags": ""
  },
  {
    "project_name": "Microsofttodo",
    "test_suite_name": "testsuite1",
    "section_path": "Test Cases",
    "test_case_id": 106,
    "title": "Validate Add Task Flow with Unique Data Set 39",
    "preconditions": "Microsoft To Do application is installed, launchable, and user is logged in.",
    "steps": [
      "Arrange: Launch Microsoft To Do application and navigate to My Day page.",
      "Act: Click 'Add Task' button, enter task name 'Automation Task 39 - Report Submission' in the textbox, and press Enter key.",
      "Assert: Verify that task 'Automation Task 39 - Report Submission' appears in the My Day task list."
    ],
    "expected_result": "Task 'Automation Task 39 - Report Submission' is successfully created and visible in My Day list.",
    "automation_statuses": "windows can automate",
    "tags": ""
  },
  {
    "project_name": "Microsofttodo",
    "test_suite_name": "testsuite1",
    "section_path": "Test Cases",
    "test_case_id": 107,
    "title": "Validate Add Task Flow with Unique Data Set 40",
    "preconditions": "Microsoft To Do application is installed, launchable, and user is logged in.",
    "steps": [
      "Arrange: Launch Microsoft To Do application and navigate to My Day page.",
      "Act: Click 'Add Task' button, enter task name 'Automation Task 40 - Report Submission' in the textbox, and press Enter key.",
      "Assert: Verify that task 'Automation Task 40 - Report Submission' appears in the My Day task list."
    ],
    "expected_result": "Task 'Automation Task 40 - Report Submission' is successfully created and visible in My Day list.",
    "automation_statuses": "windows can automate",
    "tags": ""
  },
  {
    "project_name": "Microsofttodo",
    "test_suite_name": "testsuite1",
    "section_path": "Test Cases",
    "test_case_id": 108,
    "title": "Validate Add Task Flow with Unique Data Set 41",
    "preconditions": "Microsoft To Do application is installed, launchable, and user is logged in.",
    "steps": [
      "Arrange: Launch Microsoft To Do application and navigate to My Day page.",
      "Act: Click 'Add Task' button, enter task name 'Automation Task 41 - Report Submission' in the textbox, and press Enter key.",
      "Assert: Verify that task 'Automation Task 41 - Report Submission' appears in the My Day task list."
    ],
    "expected_result": "Task 'Automation Task 41 - Report Submission' is successfully created and visible in My Day list.",
    "automation_statuses": "windows can automate",
    "tags": ""
  },
  {
    "project_name": "Microsofttodo",
    "test_suite_name": "testsuite1",
    "section_path": "Test Cases",
    "test_case_id": 109,
    "title": "Validate Add Task Flow with Unique Data Set 42",
    "preconditions": "Microsoft To Do application is installed, launchable, and user is logged in.",
    "steps": [
      "Arrange: Launch Microsoft To Do application and navigate to My Day page.",
      "Act: Click 'Add Task' button, enter task name 'Automation Task 42 - Report Submission' in the textbox, and press Enter key.",
      "Assert: Verify that task 'Automation Task 42 - Report Submission' appears in the My Day task list."
    ],
    "expected_result": "Task 'Automation Task 42 - Report Submission' is successfully created and visible in My Day list.",
    "automation_statuses": "windows can automate",
    "tags": ""
  },
  {
    "project_name": "Microsofttodo",
    "test_suite_name": "testsuite1",
    "section_path": "Test Cases",
    "test_case_id": 110,
    "title": "Validate Add Task Flow with Unique Data Set 43",
    "preconditions": "Microsoft To Do application is installed, launchable, and user is logged in.",
    "steps": [
      "Arrange: Launch Microsoft To Do application and navigate to My Day page.",
      "Act: Click 'Add Task' button, enter task name 'Automation Task 43 - Report Submission' in the textbox, and press Enter key.",
      "Assert: Verify that task 'Automation Task 43 - Report Submission' appears in the My Day task list."
    ],
    "expected_result": "Task 'Automation Task 43 - Report Submission' is successfully created and visible in My Day list.",
    "automation_statuses": "windows can automate",
    "tags": ""
  },
  {
    "project_name": "Microsofttodo",
    "test_suite_name": "testsuite1",
    "section_path": "Test Cases",
    "test_case_id": 111,
    "title": "Validate Add Task Flow with Unique Data Set 44",
    "preconditions": "Microsoft To Do application is installed, launchable, and user is logged in.",
    "steps": [
      "Arrange: Launch Microsoft To Do application and navigate to My Day page.",
      "Act: Click 'Add Task' button, enter task name 'Automation Task 44 - Report Submission' in the textbox, and press Enter key.",
      "Assert: Verify that task 'Automation Task 44 - Report Submission' appears in the My Day task list."
    ],
    "expected_result": "Task 'Automation Task 44 - Report Submission' is successfully created and visible in My Day list.",
    "automation_statuses": "windows can automate",
    "tags": ""
  },
  {
    "project_name": "Microsofttodo",
    "test_suite_name": "testsuite1",
    "section_path": "Test Cases",
    "test_case_id": 112,
    "title": "Validate Add Task Flow with Unique Data Set 45",
    "preconditions": "Microsoft To Do application is installed, launchable, and user is logged in.",
    "steps": [
      "Arrange: Launch Microsoft To Do application and navigate to My Day page.",
      "Act: Click 'Add Task' button, enter task name 'Automation Task 45 - Report Submission' in the textbox, and press Enter key.",
      "Assert: Verify that task 'Automation Task 45 - Report Submission' appears in the My Day task list."
    ],
    "expected_result": "Task 'Automation Task 45 - Report Submission' is successfully created and visible in My Day list.",
    "automation_statuses": "windows can automate",
    "tags": ""
  },
  {
    "project_name": "Microsofttodo",
    "test_suite_name": "testsuite1",
    "section_path": "Test Cases",
    "test_case_id": 113,
    "title": "Validate Add Task Flow with Unique Data Set 46",
    "preconditions": "Microsoft To Do application is installed, launchable, and user is logged in.",
    "steps": [
      "Arrange: Launch Microsoft To Do application and navigate to My Day page.",
      "Act: Click 'Add Task' button, enter task name 'Automation Task 46 - Report Submission' in the textbox, and press Enter key.",
      "Assert: Verify that task 'Automation Task 46 - Report Submission' appears in the My Day task list."
    ],
    "expected_result": "Task 'Automation Task 46 - Report Submission' is successfully created and visible in My Day list.",
    "automation_statuses": "windows can automate",
    "tags": ""
  },
  {
    "project_name": "Microsofttodo",
    "test_suite_name": "testsuite1",
    "section_path": "Test Cases",
    "test_case_id": 114,
    "title": "Validate Add Task Flow with Unique Data Set 47",
    "preconditions": "Microsoft To Do application is installed, launchable, and user is logged in.",
    "steps": [
      "Arrange: Launch Microsoft To Do application and navigate to My Day page.",
      "Act: Click 'Add Task' button, enter task name 'Automation Task 47 - Report Submission' in the textbox, and press Enter key.",
      "Assert: Verify that task 'Automation Task 47 - Report Submission' appears in the My Day task list."
    ],
    "expected_result": "Task 'Automation Task 47 - Report Submission' is successfully created and visible in My Day list.",
    "automation_statuses": "windows can automate",
    "tags": ""
  },
  {
    "project_name": "Microsofttodo",
    "test_suite_name": "testsuite1",
    "section_path": "Test Cases",
    "test_case_id": 115,
    "title": "Validate Add Task Flow with Unique Data Set 48",
    "preconditions": "Microsoft To Do application is installed, launchable, and user is logged in.",
    "steps": [
      "Arrange: Launch Microsoft To Do application and navigate to My Day page.",
      "Act: Click 'Add Task' button, enter task name 'Automation Task 48 - Report Submission' in the textbox, and press Enter key.",
      "Assert: Verify that task 'Automation Task 48 - Report Submission' appears in the My Day task list."
    ],
    "expected_result": "Task 'Automation Task 48 - Report Submission' is successfully created and visible in My Day list.",
    "automation_statuses": "windows can automate",
    "tags": ""
  },
  {
    "project_name": "Microsofttodo",
    "test_suite_name": "testsuite1",
    "section_path": "Test Cases",
    "test_case_id": 116,
    "title": "Validate Add Task Flow with Unique Data Set 49",
    "preconditions": "Microsoft To Do application is installed, launchable, and user is logged in.",
    "steps": [
      "Arrange: Launch Microsoft To Do application and navigate to My Day page.",
      "Act: Click 'Add Task' button, enter task name 'Automation Task 49 - Report Submission' in the textbox, and press Enter key.",
      "Assert: Verify that task 'Automation Task 49 - Report Submission' appears in the My Day task list."
    ],
    "expected_result": "Task 'Automation Task 49 - Report Submission' is successfully created and visible in My Day list.",
    "automation_statuses": "windows can automate",
    "tags": ""
  },
  {
    "project_name": "Microsofttodo",
    "test_suite_name": "testsuite1",
    "section_path": "Test Cases",
    "test_case_id": 117,
    "title": "Validate Add Task Flow with Unique Data Set 50",
    "preconditions": "Microsoft To Do application is installed, launchable, and user is logged in.",
    "steps": [
      "Arrange: Launch Microsoft To Do application and navigate to My Day page.",
      "Act: Click 'Add Task' button, enter task name 'Automation Task 50 - Report Submission' in the textbox, and press Enter key.",
      "Assert: Verify that task 'Automation Task 50 - Report Submission' appears in the My Day task list."
    ],
    "expected_result": "Task 'Automation Task 50 - Report Submission' is successfully created and visible in My Day list.",
    "automation_statuses": "windows can automate",
    "tags": ""
  },
  {
    "project_name": "Microsofttodo",
    "test_suite_name": "testsuite1",
    "section_path": "Test Cases",
    "test_case_id": 118,
    "title": "Validate Add Task Flow with Unique Data Set 51",
    "preconditions": "Microsoft To Do application is installed, launchable, and user is logged in.",
    "steps": [
      "Arrange: Launch Microsoft To Do application and navigate to My Day page.",
      "Act: Click 'Add Task' button, enter task name 'Automation Task 51 - Report Submission' in the textbox, and press Enter key.",
      "Assert: Verify that task 'Automation Task 51 - Report Submission' appears in the My Day task list."
    ],
    "expected_result": "Task 'Automation Task 51 - Report Submission' is successfully created and visible in My Day list.",
    "automation_statuses": "windows can automate",
    "tags": ""
  },
  {
    "project_name": "Microsofttodo",
    "test_suite_name": "testsuite1",
    "section_path": "Test Cases",
    "test_case_id": 119,
    "title": "Validate Add Task Flow with Unique Data Set 52",
    "preconditions": "Microsoft To Do application is installed, launchable, and user is logged in.",
    "steps": [
      "Arrange: Launch Microsoft To Do application and navigate to My Day page.",
      "Act: Click 'Add Task' button, enter task name 'Automation Task 52 - Report Submission' in the textbox, and press Enter key.",
      "Assert: Verify that task 'Automation Task 52 - Report Submission' appears in the My Day task list."
    ],
    "expected_result": "Task 'Automation Task 52 - Report Submission' is successfully created and visible in My Day list.",
    "automation_statuses": "windows can automate",
    "tags": ""
  },
  {
    "project_name": "Microsofttodo",
    "test_suite_name": "testsuite1",
    "section_path": "Test Cases",
    "test_case_id": 120,
    "title": "Validate Add Task Flow with Unique Data Set 53",
    "preconditions": "Microsoft To Do application is installed, launchable, and user is logged in.",
    "steps": [
      "Arrange: Launch Microsoft To Do application and navigate to My Day page.",
      "Act: Click 'Add Task' button, enter task name 'Automation Task 53 - Report Submission' in the textbox, and press Enter key.",
      "Assert: Verify that task 'Automation Task 53 - Report Submission' appears in the My Day task list."
    ],
    "expected_result": "Task 'Automation Task 53 - Report Submission' is successfully created and visible in My Day list.",
    "automation_statuses": "windows can automate",
    "tags": ""
  },
  {
    "project_name": "Microsofttodo",
    "test_suite_name": "testsuite1",
    "section_path": "Test Cases",
    "test_case_id": 121,
    "title": "Validate Add Task Flow with Unique Data Set 54",
    "preconditions": "Microsoft To Do application is installed, launchable, and user is logged in.",
    "steps": [
      "Arrange: Launch Microsoft To Do application and navigate to My Day page.",
      "Act: Click 'Add Task' button, enter task name 'Automation Task 54 - Report Submission' in the textbox, and press Enter key.",
      "Assert: Verify that task 'Automation Task 54 - Report Submission' appears in the My Day task list."
    ],
    "expected_result": "Task 'Automation Task 54 - Report Submission' is successfully created and visible in My Day list.",
    "automation_statuses": "windows can automate",
    "tags": ""
  },
  {
    "project_name": "Microsofttodo",
    "test_suite_name": "testsuite1",
    "section_path": "Test Cases",
    "test_case_id": 122,
    "title": "Validate Add Task Flow with Unique Data Set 55",
    "preconditions": "Microsoft To Do application is installed, launchable, and user is logged in.",
    "steps": [
      "Arrange: Launch Microsoft To Do application and navigate to My Day page.",
      "Act: Click 'Add Task' button, enter task name 'Automation Task 55 - Report Submission' in the textbox, and press Enter key.",
      "Assert: Verify that task 'Automation Task 55 - Report Submission' appears in the My Day task list."
    ],
    "expected_result": "Task 'Automation Task 55 - Report Submission' is successfully created and visible in My Day list.",
    "automation_statuses": "windows can automate",
    "tags": ""
  },
  {
    "project_name": "Microsofttodo",
    "test_suite_name": "testsuite1",
    "section_path": "Test Cases",
    "test_case_id": 123,
    "title": "Validate Add Task Flow with Unique Data Set 56",
    "preconditions": "Microsoft To Do application is installed, launchable, and user is logged in.",
    "steps": [
      "Arrange: Launch Microsoft To Do application and navigate to My Day page.",
      "Act: Click 'Add Task' button, enter task name 'Automation Task 56 - Report Submission' in the textbox, and press Enter key.",
      "Assert: Verify that task 'Automation Task 56 - Report Submission' appears in the My Day task list."
    ],
    "expected_result": "Task 'Automation Task 56 - Report Submission' is successfully created and visible in My Day list.",
    "automation_statuses": "windows can automate",
    "tags": ""
  },
  {
    "project_name": "Microsofttodo",
    "test_suite_name": "testsuite1",
    "section_path": "Test Cases",
    "test_case_id": 124,
    "title": "Validate Add Task Flow with Unique Data Set 57",
    "preconditions": "Microsoft To Do application is installed, launchable, and user is logged in.",
    "steps": [
      "Arrange: Launch Microsoft To Do application and navigate to My Day page.",
      "Act: Click 'Add Task' button, enter task name 'Automation Task 57 - Report Submission' in the textbox, and press Enter key.",
      "Assert: Verify that task 'Automation Task 57 - Report Submission' appears in the My Day task list."
    ],
    "expected_result": "Task 'Automation Task 57 - Report Submission' is successfully created and visible in My Day list.",
    "automation_statuses": "windows can automate",
    "tags": ""
  },
  {
    "project_name": "Microsofttodo",
    "test_suite_name": "testsuite1",
    "section_path": "Test Cases",
    "test_case_id": 125,
    "title": "Validate Add Task Flow with Unique Data Set 58",
    "preconditions": "Microsoft To Do application is installed, launchable, and user is logged in.",
    "steps": [
      "Arrange: Launch Microsoft To Do application and navigate to My Day page.",
      "Act: Click 'Add Task' button, enter task name 'Automation Task 58 - Report Submission' in the textbox, and press Enter key.",
      "Assert: Verify that task 'Automation Task 58 - Report Submission' appears in the My Day task list."
    ],
    "expected_result": "Task 'Automation Task 58 - Report Submission' is successfully created and visible in My Day list.",
    "automation_statuses": "windows can automate",
    "tags": ""
  },
  {
    "project_name": "Microsofttodo",
    "test_suite_name": "testsuite1",
    "section_path": "Test Cases",
    "test_case_id": 126,
    "title": "Validate Add Task Flow with Unique Data Set 59",
    "preconditions": "Microsoft To Do application is installed, launchable, and user is logged in.",
    "steps": [
      "Arrange: Launch Microsoft To Do application and navigate to My Day page.",
      "Act: Click 'Add Task' button, enter task name 'Automation Task 59 - Report Submission' in the textbox, and press Enter key.",
      "Assert: Verify that task 'Automation Task 59 - Report Submission' appears in the My Day task list."
    ],
    "expected_result": "Task 'Automation Task 59 - Report Submission' is successfully created and visible in My Day list.",
    "automation_statuses": "windows can automate",
    "tags": ""
  },
  {
    "project_name": "Microsofttodo",
    "test_suite_name": "testsuite1",
    "section_path": "Test Cases",
    "test_case_id": 127,
    "title": "Validate Add Task Flow with Unique Data Set 60",
    "preconditions": "Microsoft To Do application is installed, launchable, and user is logged in.",
    "steps": [
      "Arrange: Launch Microsoft To Do application and navigate to My Day page.",
      "Act: Click 'Add Task' button, enter task name 'Automation Task 60 - Report Submission' in the textbox, and press Enter key.",
      "Assert: Verify that task 'Automation Task 60 - Report Submission' appears in the My Day task list."
    ],
    "expected_result": "Task 'Automation Task 60 - Report Submission' is successfully created and visible in My Day list.",
    "automation_statuses": "windows can automate",
    "tags": ""
  },
  {
    "project_name": "Microsofttodo",
    "test_suite_name": "testsuite1",
    "section_path": "Test Cases",
    "test_case_id": 128,
    "title": "Validate Add Task Flow with Unique Data Set 61",
    "preconditions": "Microsoft To Do application is installed, launchable, and user is logged in.",
    "steps": [
      "Arrange: Launch Microsoft To Do application and navigate to My Day page.",
      "Act: Click 'Add Task' button, enter task name 'Automation Task 61 - Report Submission' in the textbox, and press Enter key.",
      "Assert: Verify that task 'Automation Task 61 - Report Submission' appears in the My Day task list."
    ],
    "expected_result": "Task 'Automation Task 61 - Report Submission' is successfully created and visible in My Day list.",
    "automation_statuses": "windows can automate",
    "tags": ""
  },
  {
    "project_name": "Microsofttodo",
    "test_suite_name": "testsuite1",
    "section_path": "Test Cases",
    "test_case_id": 129,
    "title": "Validate Add Task Flow with Unique Data Set 62",
    "preconditions": "Microsoft To Do application is installed, launchable, and user is logged in.",
    "steps": [
      "Arrange: Launch Microsoft To Do application and navigate to My Day page.",
      "Act: Click 'Add Task' button, enter task name 'Automation Task 62 - Report Submission' in the textbox, and press Enter key.",
      "Assert: Verify that task 'Automation Task 62 - Report Submission' appears in the My Day task list."
    ],
    "expected_result": "Task 'Automation Task 62 - Report Submission' is successfully created and visible in My Day list.",
    "automation_statuses": "windows can automate",
    "tags": ""
  },
  {
    "project_name": "Microsofttodo",
    "test_suite_name": "testsuite1",
    "section_path": "Test Cases",
    "test_case_id": 130,
    "title": "Validate Add Task Flow with Unique Data Set 63",
    "preconditions": "Microsoft To Do application is installed, launchable, and user is logged in.",
    "steps": [
      "Arrange: Launch Microsoft To Do application and navigate to My Day page.",
      "Act: Click 'Add Task' button, enter task name 'Automation Task 63 - Report Submission' in the textbox, and press Enter key.",
      "Assert: Verify that task 'Automation Task 63 - Report Submission' appears in the My Day task list."
    ],
    "expected_result": "Task 'Automation Task 63 - Report Submission' is successfully created and visible in My Day list.",
    "automation_statuses": "windows can automate",
    "tags": ""
  },
  {
    "project_name": "Microsofttodo",
    "test_suite_name": "testsuite1",
    "section_path": "Test Cases",
    "test_case_id": 131,
    "title": "Validate Add Task Flow with Unique Data Set 64",
    "preconditions": "Microsoft To Do application is installed, launchable, and user is logged in.",
    "steps": [
      "Arrange: Launch Microsoft To Do application and navigate to My Day page.",
      "Act: Click 'Add Task' button, enter task name 'Automation Task 64 - Report Submission' in the textbox, and press Enter key.",
      "Assert: Verify that task 'Automation Task 64 - Report Submission' appears in the My Day task list."
    ],
    "expected_result": "Task 'Automation Task 64 - Report Submission' is successfully created and visible in My Day list.",
    "automation_statuses": "windows can automate",
    "tags": ""
  },
  {
    "project_name": "Microsofttodo",
    "test_suite_name": "testsuite1",
    "section_path": "Test Cases",
    "test_case_id": 132,
    "title": "Validate Add Task Flow with Unique Data Set 65",
    "preconditions": "Microsoft To Do application is installed, launchable, and user is logged in.",
    "steps": [
      "Arrange: Launch Microsoft To Do application and navigate to My Day page.",
      "Act: Click 'Add Task' button, enter task name 'Automation Task 65 - Report Submission' in the textbox, and press Enter key.",
      "Assert: Verify that task 'Automation Task 65 - Report Submission' appears in the My Day task list."
    ],
    "expected_result": "Task 'Automation Task 65 - Report Submission' is successfully created and visible in My Day list.",
    "automation_statuses": "windows can automate",
    "tags": ""
  },
  {
    "project_name": "Microsofttodo",
    "test_suite_name": "testsuite1",
    "section_path": "Test Cases",
    "test_case_id": 133,
    "title": "Validate Add Task Flow with Unique Data Set 66",
    "preconditions": "Microsoft To Do application is installed, launchable, and user is logged in.",
    "steps": [
      "Arrange: Launch Microsoft To Do application and navigate to My Day page.",
      "Act: Click 'Add Task' button, enter task name 'Automation Task 66 - Report Submission' in the textbox, and press Enter key.",
      "Assert: Verify that task 'Automation Task 66 - Report Submission' appears in the My Day task list."
    ],
    "expected_result": "Task 'Automation Task 66 - Report Submission' is successfully created and visible in My Day list.",
    "automation_statuses": "windows can automate",
    "tags": ""
  },
  {
    "project_name": "Microsofttodo",
    "test_suite_name": "testsuite1",
    "section_path": "Test Cases",
    "test_case_id": 134,
    "title": "Validate Add Task Flow with Unique Data Set 67",
    "preconditions": "Microsoft To Do application is installed, launchable, and user is logged in.",
    "steps": [
      "Arrange: Launch Microsoft To Do application and navigate to My Day page.",
      "Act: Click 'Add Task' button, enter task name 'Automation Task 67 - Report Submission' in the textbox, and press Enter key.",
      "Assert: Verify that task 'Automation Task 67 - Report Submission' appears in the My Day task list."
    ],
    "expected_result": "Task 'Automation Task 67 - Report Submission' is successfully created and visible in My Day list.",
    "automation_statuses": "windows can automate",
    "tags": ""
  },
  {
    "project_name": "Microsofttodo",
    "test_suite_name": "testsuite1",
    "section_path": "Test Cases",
    "test_case_id": 135,
    "title": "Validate Add Task Flow with Unique Data Set 68",
    "preconditions": "Microsoft To Do application is installed, launchable, and user is logged in.",
    "steps": [
      "Arrange: Launch Microsoft To Do application and navigate to My Day page.",
      "Act: Click 'Add Task' button, enter task name 'Automation Task 68 - Report Submission' in the textbox, and press Enter key.",
      "Assert: Verify that task 'Automation Task 68 - Report Submission' appears in the My Day task list."
    ],
    "expected_result": "Task 'Automation Task 68 - Report Submission' is successfully created and visible in My Day list.",
    "automation_statuses": "windows can automate",
    "tags": ""
  },
  {
    "project_name": "Microsofttodo",
    "test_suite_name": "testsuite1",
    "section_path": "Test Cases",
    "test_case_id": 136,
    "title": "Validate Add Task Flow with Unique Data Set 69",
    "preconditions": "Microsoft To Do application is installed, launchable, and user is logged in.",
    "steps": [
      "Arrange: Launch Microsoft To Do application and navigate to My Day page.",
      "Act: Click 'Add Task' button, enter task name 'Automation Task 69 - Report Submission' in the textbox, and press Enter key.",
      "Assert: Verify that task 'Automation Task 69 - Report Submission' appears in the My Day task list."
    ],
    "expected_result": "Task 'Automation Task 69 - Report Submission' is successfully created and visible in My Day list.",
    "automation_statuses": "windows can automate",
    "tags": ""
  },
  {
    "project_name": "Microsofttodo",
    "test_suite_name": "testsuite1",
    "section_path": "Test Cases",
    "test_case_id": 137,
    "title": "Validate Add Task Flow with Unique Data Set 70",
    "preconditions": "Microsoft To Do application is installed, launchable, and user is logged in.",
    "steps": [
      "Arrange: Launch Microsoft To Do application and navigate to My Day page.",
      "Act: Click 'Add Task' button, enter task name 'Automation Task 70 - Report Submission' in the textbox, and press Enter key.",
      "Assert: Verify that task 'Automation Task 70 - Report Submission' appears in the My Day task list."
    ],
    "expected_result": "Task 'Automation Task 70 - Report Submission' is successfully created and visible in My Day list.",
    "automation_statuses": "windows can automate",
    "tags": ""
  },
  {
    "project_name": "Microsofttodo",
    "test_suite_name": "testsuite1",
    "section_path": "Test Cases",
    "test_case_id": 138,
    "title": "Validate Add Task Flow with Unique Data Set 71",
    "preconditions": "Microsoft To Do application is installed, launchable, and user is logged in.",
    "steps": [
      "Arrange: Launch Microsoft To Do application and navigate to My Day page.",
      "Act: Click 'Add Task' button, enter task name 'Automation Task 71 - Report Submission' in the textbox, and press Enter key.",
      "Assert: Verify that task 'Automation Task 71 - Report Submission' appears in the My Day task list."
    ],
    "expected_result": "Task 'Automation Task 71 - Report Submission' is successfully created and visible in My Day list.",
    "automation_statuses": "windows can automate",
    "tags": ""
  },
  {
    "project_name": "Microsofttodo",
    "test_suite_name": "testsuite1",
    "section_path": "Test Cases",
    "test_case_id": 139,
    "title": "Validate Add Task Flow with Unique Data Set 72",
    "preconditions": "Microsoft To Do application is installed, launchable, and user is logged in.",
    "steps": [
      "Arrange: Launch Microsoft To Do application and navigate to My Day page.",
      "Act: Click 'Add Task' button, enter task name 'Automation Task 72 - Report Submission' in the textbox, and press Enter key.",
      "Assert: Verify that task 'Automation Task 72 - Report Submission' appears in the My Day task list."
    ],
    "expected_result": "Task 'Automation Task 72 - Report Submission' is successfully created and visible in My Day list.",
    "automation_statuses": "windows can automate",
    "tags": ""
  },
  {
    "project_name": "Microsofttodo",
    "test_suite_name": "testsuite1",
    "section_path": "Test Cases",
    "test_case_id": 140,
    "title": "Validate Add Task Flow with Unique Data Set 73",
    "preconditions": "Microsoft To Do application is installed, launchable, and user is logged in.",
    "steps": [
      "Arrange: Launch Microsoft To Do application and navigate to My Day page.",
      "Act: Click 'Add Task' button, enter task name 'Automation Task 73 - Report Submission' in the textbox, and press Enter key.",
      "Assert: Verify that task 'Automation Task 73 - Report Submission' appears in the My Day task list."
    ],
    "expected_result": "Task 'Automation Task 73 - Report Submission' is successfully created and visible in My Day list.",
    "automation_statuses": "windows can automate",
    "tags": ""
  },
  {
    "project_name": "Microsofttodo",
    "test_suite_name": "testsuite1",
    "section_path": "Test Cases",
    "test_case_id": 141,
    "title": "Validate Add Task Flow with Unique Data Set 74",
    "preconditions": "Microsoft To Do application is installed, launchable, and user is logged in.",
    "steps": [
      "Arrange: Launch Microsoft To Do application and navigate to My Day page.",
      "Act: Click 'Add Task' button, enter task name 'Automation Task 74 - Report Submission' in the textbox, and press Enter key.",
      "Assert: Verify that task 'Automation Task 74 - Report Submission' appears in the My Day task list."
    ],
    "expected_result": "Task 'Automation Task 74 - Report Submission' is successfully created and visible in My Day list.",
    "automation_statuses": "windows can automate",
    "tags": ""
  },
  {
    "project_name": "Microsofttodo",
    "test_suite_name": "testsuite1",
    "section_path": "Test Cases",
    "test_case_id": 142,
    "title": "Validate Add Task Flow with Unique Data Set 75",
    "preconditions": "Microsoft To Do application is installed, launchable, and user is logged in.",
    "steps": [
      "Arrange: Launch Microsoft To Do application and navigate to My Day page.",
      "Act: Click 'Add Task' button, enter task name 'Automation Task 75 - Report Submission' in the textbox, and press Enter key.",
      "Assert: Verify that task 'Automation Task 75 - Report Submission' appears in the My Day task list."
    ],
    "expected_result": "Task 'Automation Task 75 - Report Submission' is successfully created and visible in My Day list.",
    "automation_statuses": "windows can automate",
    "tags": ""
  },
  {
    "project_name": "Microsofttodo",
    "test_suite_name": "testsuite1",
    "section_path": "Test Cases",
    "test_case_id": 143,
    "title": "Validate Add Task Flow with Unique Data Set 76",
    "preconditions": "Microsoft To Do application is installed, launchable, and user is logged in.",
    "steps": [
      "Arrange: Launch Microsoft To Do application and navigate to My Day page.",
      "Act: Click 'Add Task' button, enter task name 'Automation Task 76 - Report Submission' in the textbox, and press Enter key.",
      "Assert: Verify that task 'Automation Task 76 - Report Submission' appears in the My Day task list."
    ],
    "expected_result": "Task 'Automation Task 76 - Report Submission' is successfully created and visible in My Day list.",
    "automation_statuses": "windows can automate",
    "tags": ""
  },
  {
    "project_name": "Microsofttodo",
    "test_suite_name": "testsuite1",
    "section_path": "Test Cases",
    "test_case_id": 144,
    "title": "Validate Add Task Flow with Unique Data Set 77",
    "preconditions": "Microsoft To Do application is installed, launchable, and user is logged in.",
    "steps": [
      "Arrange: Launch Microsoft To Do application and navigate to My Day page.",
      "Act: Click 'Add Task' button, enter task name 'Automation Task 77 - Report Submission' in the textbox, and press Enter key.",
      "Assert: Verify that task 'Automation Task 77 - Report Submission' appears in the My Day task list."
    ],
    "expected_result": "Task 'Automation Task 77 - Report Submission' is successfully created and visible in My Day list.",
    "automation_statuses": "windows can automate",
    "tags": ""
  },
  {
    "project_name": "Microsofttodo",
    "test_suite_name": "testsuite1",
    "section_path": "Test Cases",
    "test_case_id": 145,
    "title": "Validate Add Task Flow with Unique Data Set 78",
    "preconditions": "Microsoft To Do application is installed, launchable, and user is logged in.",
    "steps": [
      "Arrange: Launch Microsoft To Do application and navigate to My Day page.",
      "Act: Click 'Add Task' button, enter task name 'Automation Task 78 - Report Submission' in the textbox, and press Enter key.",
      "Assert: Verify that task 'Automation Task 78 - Report Submission' appears in the My Day task list."
    ],
    "expected_result": "Task 'Automation Task 78 - Report Submission' is successfully created and visible in My Day list.",
    "automation_statuses": "windows can automate",
    "tags": ""
  },
  {
    "project_name": "Microsofttodo",
    "test_suite_name": "testsuite1",
    "section_path": "Test Cases",
    "test_case_id": 146,
    "title": "Validate Add Task Flow with Unique Data Set 79",
    "preconditions": "Microsoft To Do application is installed, launchable, and user is logged in.",
    "steps": [
      "Arrange: Launch Microsoft To Do application and navigate to My Day page.",
      "Act: Click 'Add Task' button, enter task name 'Automation Task 79 - Report Submission' in the textbox, and press Enter key.",
      "Assert: Verify that task 'Automation Task 79 - Report Submission' appears in the My Day task list."
    ],
    "expected_result": "Task 'Automation Task 79 - Report Submission' is successfully created and visible in My Day list.",
    "automation_statuses": "windows can automate",
    "tags": ""
  },
  {
    "project_name": "Microsofttodo",
    "test_suite_name": "testsuite1",
    "section_path": "Test Cases",
    "test_case_id": 147,
    "title": "Validate Add Task Flow with Unique Data Set 80",
    "preconditions": "Microsoft To Do application is installed, launchable, and user is logged in.",
    "steps": [
      "Arrange: Launch Microsoft To Do application and navigate to My Day page.",
      "Act: Click 'Add Task' button, enter task name 'Automation Task 80 - Report Submission' in the textbox, and press Enter key.",
      "Assert: Verify that task 'Automation Task 80 - Report Submission' appears in the My Day task list."
    ],
    "expected_result": "Task 'Automation Task 80 - Report Submission' is successfully created and visible in My Day list.",
    "automation_statuses": "windows can automate",
    "tags": ""
  },
  {
    "project_name": "Microsofttodo",
    "test_suite_name": "testsuite1",
    "section_path": "Test Cases",
    "test_case_id": 148,
    "title": "Validate Add Task Flow with Unique Data Set 81",
    "preconditions": "Microsoft To Do application is installed, launchable, and user is logged in.",
    "steps": [
      "Arrange: Launch Microsoft To Do application and navigate to My Day page.",
      "Act: Click 'Add Task' button, enter task name 'Automation Task 81 - Report Submission' in the textbox, and press Enter key.",
      "Assert: Verify that task 'Automation Task 81 - Report Submission' appears in the My Day task list."
    ],
    "expected_result": "Task 'Automation Task 81 - Report Submission' is successfully created and visible in My Day list.",
    "automation_statuses": "windows can automate",
    "tags": ""
  },
  {
    "project_name": "Microsofttodo",
    "test_suite_name": "testsuite1",
    "section_path": "Test Cases",
    "test_case_id": 149,
    "title": "Validate Add Task Flow with Unique Data Set 82",
    "preconditions": "Microsoft To Do application is installed, launchable, and user is logged in.",
    "steps": [
      "Arrange: Launch Microsoft To Do application and navigate to My Day page.",
      "Act: Click 'Add Task' button, enter task name 'Automation Task 82 - Report Submission' in the textbox, and press Enter key.",
      "Assert: Verify that task 'Automation Task 82 - Report Submission' appears in the My Day task list."
    ],
    "expected_result": "Task 'Automation Task 82 - Report Submission' is successfully created and visible in My Day list.",
    "automation_statuses": "windows can automate",
    "tags": ""
  },
  {
    "project_name": "Microsofttodo",
    "test_suite_name": "testsuite1",
    "section_path": "Test Cases",
    "test_case_id": 150,
    "title": "Validate Add Task Flow with Unique Data Set 83",
    "preconditions": "Microsoft To Do application is installed, launchable, and user is logged in.",
    "steps": [
      "Arrange: Launch Microsoft To Do application and navigate to My Day page.",
      "Act: Click 'Add Task' button, enter task name 'Automation Task 83 - Report Submission' in the textbox, and press Enter key.",
      "Assert: Verify that task 'Automation Task 83 - Report Submission' appears in the My Day task list."
    ],
    "expected_result": "Task 'Automation Task 83 - Report Submission' is successfully created and visible in My Day list.",
    "automation_statuses": "windows can automate",
    "tags": ""
  },
  {
    "project_name": "Microsofttodo",
    "test_suite_name": "testsuite1",
    "section_path": "Test Cases",
    "test_case_id": 151,
    "title": "Validate Add Task Flow with Unique Data Set 84",
    "preconditions": "Microsoft To Do application is installed, launchable, and user is logged in.",
    "steps": [
      "Arrange: Launch Microsoft To Do application and navigate to My Day page.",
      "Act: Click 'Add Task' button, enter task name 'Automation Task 84 - Report Submission' in the textbox, and press Enter key.",
      "Assert: Verify that task 'Automation Task 84 - Report Submission' appears in the My Day task list."
    ],
    "expected_result": "Task 'Automation Task 84 - Report Submission' is successfully created and visible in My Day list.",
    "automation_statuses": "windows can automate",
    "tags": ""
  },
  {
    "project_name": "Microsofttodo",
    "test_suite_name": "testsuite1",
    "section_path": "Test Cases",
    "test_case_id": 152,
    "title": "Validate Add Task Flow with Unique Data Set 85",
    "preconditions": "Microsoft To Do application is installed, launchable, and user is logged in.",
    "steps": [
      "Arrange: Launch Microsoft To Do application and navigate to My Day page.",
      "Act: Click 'Add Task' button, enter task name 'Automation Task 85 - Report Submission' in the textbox, and press Enter key.",
      "Assert: Verify that task 'Automation Task 85 - Report Submission' appears in the My Day task list."
    ],
    "expected_result": "Task 'Automation Task 85 - Report Submission' is successfully created and visible in My Day list.",
    "automation_statuses": "windows can automate",
    "tags": ""
  },
  {
    "project_name": "Microsofttodo",
    "test_suite_name": "testsuite1",
    "section_path": "Test Cases",
    "test_case_id": 153,
    "title": "Validate Add Task Flow with Unique Data Set 86",
    "preconditions": "Microsoft To Do application is installed, launchable, and user is logged in.",
    "steps": [
      "Arrange: Launch Microsoft To Do application and navigate to My Day page.",
      "Act: Click 'Add Task' button, enter task name 'Automation Task 86 - Report Submission' in the textbox, and press Enter key.",
      "Assert: Verify that task 'Automation Task 86 - Report Submission' appears in the My Day task list."
    ],
    "expected_result": "Task 'Automation Task 86 - Report Submission' is successfully created and visible in My Day list.",
    "automation_statuses": "windows can automate",
    "tags": ""
  },
  {
    "project_name": "Microsofttodo",
    "test_suite_name": "testsuite1",
    "section_path": "Test Cases",
    "test_case_id": 154,
    "title": "Validate Add Task Flow with Unique Data Set 87",
    "preconditions": "Microsoft To Do application is installed, launchable, and user is logged in.",
    "steps": [
      "Arrange: Launch Microsoft To Do application and navigate to My Day page.",
      "Act: Click 'Add Task' button, enter task name 'Automation Task 87 - Report Submission' in the textbox, and press Enter key.",
      "Assert: Verify that task 'Automation Task 87 - Report Submission' appears in the My Day task list."
    ],
    "expected_result": "Task 'Automation Task 87 - Report Submission' is successfully created and visible in My Day list.",
    "automation_statuses": "windows can automate",
    "tags": ""
  },
  {
    "project_name": "Microsofttodo",
    "test_suite_name": "testsuite1",
    "section_path": "Test Cases",
    "test_case_id": 155,
    "title": "Validate Add Task Flow with Unique Data Set 88",
    "preconditions": "Microsoft To Do application is installed, launchable, and user is logged in.",
    "steps": [
      "Arrange: Launch Microsoft To Do application and navigate to My Day page.",
      "Act: Click 'Add Task' button, enter task name 'Automation Task 88 - Report Submission' in the textbox, and press Enter key.",
      "Assert: Verify that task 'Automation Task 88 - Report Submission' appears in the My Day task list."
    ],
    "expected_result": "Task 'Automation Task 88 - Report Submission' is successfully created and visible in My Day list.",
    "automation_statuses": "windows can automate",
    "tags": ""
  },
  {
    "project_name": "Microsofttodo",
    "test_suite_name": "testsuite1",
    "section_path": "Test Cases",
    "test_case_id": 156,
    "title": "Validate Add Task Flow with Unique Data Set 89",
    "preconditions": "Microsoft To Do application is installed, launchable, and user is logged in.",
    "steps": [
      "Arrange: Launch Microsoft To Do application and navigate to My Day page.",
      "Act: Click 'Add Task' button, enter task name 'Automation Task 89 - Report Submission' in the textbox, and press Enter key.",
      "Assert: Verify that task 'Automation Task 89 - Report Submission' appears in the My Day task list."
    ],
    "expected_result": "Task 'Automation Task 89 - Report Submission' is successfully created and visible in My Day list.",
    "automation_statuses": "windows can automate",
    "tags": ""
  },
  {
    "project_name": "Microsofttodo",
    "test_suite_name": "testsuite1",
    "section_path": "Test Cases",
    "test_case_id": 157,
    "title": "Validate Add Task Flow with Unique Data Set 90",
    "preconditions": "Microsoft To Do application is installed, launchable, and user is logged in.",
    "steps": [
      "Arrange: Launch Microsoft To Do application and navigate to My Day page.",
      "Act: Click 'Add Task' button, enter task name 'Automation Task 90 - Report Submission' in the textbox, and press Enter key.",
      "Assert: Verify that task 'Automation Task 90 - Report Submission' appears in the My Day task list."
    ],
    "expected_result": "Task 'Automation Task 90 - Report Submission' is successfully created and visible in My Day list.",
    "automation_statuses": "windows can automate",
    "tags": ""
  },
  {
    "project_name": "Microsofttodo",
    "test_suite_name": "testsuite1",
    "section_path": "Test Cases",
    "test_case_id": 158,
    "title": "Validate Add Task Flow with Unique Data Set 91",
    "preconditions": "Microsoft To Do application is installed, launchable, and user is logged in.",
    "steps": [
      "Arrange: Launch Microsoft To Do application and navigate to My Day page.",
      "Act: Click 'Add Task' button, enter task name 'Automation Task 91 - Report Submission' in the textbox, and press Enter key.",
      "Assert: Verify that task 'Automation Task 91 - Report Submission' appears in the My Day task list."
    ],
    "expected_result": "Task 'Automation Task 91 - Report Submission' is successfully created and visible in My Day list.",
    "automation_statuses": "windows can automate",
    "tags": ""
  },
  {
    "project_name": "Microsofttodo",
    "test_suite_name": "testsuite1",
    "section_path": "Test Cases",
    "test_case_id": 159,
    "title": "Validate Add Task Flow with Unique Data Set 92",
    "preconditions": "Microsoft To Do application is installed, launchable, and user is logged in.",
    "steps": [
      "Arrange: Launch Microsoft To Do application and navigate to My Day page.",
      "Act: Click 'Add Task' button, enter task name 'Automation Task 92 - Report Submission' in the textbox, and press Enter key.",
      "Assert: Verify that task 'Automation Task 92 - Report Submission' appears in the My Day task list."
    ],
    "expected_result": "Task 'Automation Task 92 - Report Submission' is successfully created and visible in My Day list.",
    "automation_statuses": "windows can automate",
    "tags": ""
  },
  {
    "project_name": "Microsofttodo",
    "test_suite_name": "testsuite1",
    "section_path": "Test Cases",
    "test_case_id": 160,
    "title": "Validate Add Task Flow with Unique Data Set 93",
    "preconditions": "Microsoft To Do application is installed, launchable, and user is logged in.",
    "steps": [
      "Arrange: Launch Microsoft To Do application and navigate to My Day page.",
      "Act: Click 'Add Task' button, enter task name 'Automation Task 93 - Report Submission' in the textbox, and press Enter key.",
      "Assert: Verify that task 'Automation Task 93 - Report Submission' appears in the My Day task list."
    ],
    "expected_result": "Task 'Automation Task 93 - Report Submission' is successfully created and visible in My Day list.",
    "automation_statuses": "windows can automate",
    "tags": ""
  },
  {
    "project_name": "Microsofttodo",
    "test_suite_name": "testsuite1",
    "section_path": "Test Cases",
    "test_case_id": 161,
    "title": "Validate Add Task Flow with Unique Data Set 94",
    "preconditions": "Microsoft To Do application is installed, launchable, and user is logged in.",
    "steps": [
      "Arrange: Launch Microsoft To Do application and navigate to My Day page.",
      "Act: Click 'Add Task' button, enter task name 'Automation Task 94 - Report Submission' in the textbox, and press Enter key.",
      "Assert: Verify that task 'Automation Task 94 - Report Submission' appears in the My Day task list."
    ],
    "expected_result": "Task 'Automation Task 94 - Report Submission' is successfully created and visible in My Day list.",
    "automation_statuses": "windows can automate",
    "tags": ""
  },
  {
    "project_name": "Microsofttodo",
    "test_suite_name": "testsuite1",
    "section_path": "Test Cases",
    "test_case_id": 162,
    "title": "Validate Add Task Flow with Unique Data Set 95",
    "preconditions": "Microsoft To Do application is installed, launchable, and user is logged in.",
    "steps": [
      "Arrange: Launch Microsoft To Do application and navigate to My Day page.",
      "Act: Click 'Add Task' button, enter task name 'Automation Task 95 - Report Submission' in the textbox, and press Enter key.",
      "Assert: Verify that task 'Automation Task 95 - Report Submission' appears in the My Day task list."
    ],
    "expected_result": "Task 'Automation Task 95 - Report Submission' is successfully created and visible in My Day list.",
    "automation_statuses": "windows can automate",
    "tags": ""
  },
  {
    "project_name": "Microsofttodo",
    "test_suite_name": "testsuite1",
    "section_path": "Test Cases",
    "test_case_id": 163,
    "title": "Validate Add Task Flow with Unique Data Set 96",
    "preconditions": "Microsoft To Do application is installed, launchable, and user is logged in.",
    "steps": [
      "Arrange: Launch Microsoft To Do application and navigate to My Day page.",
      "Act: Click 'Add Task' button, enter task name 'Automation Task 96 - Report Submission' in the textbox, and press Enter key.",
      "Assert: Verify that task 'Automation Task 96 - Report Submission' appears in the My Day task list."
    ],
    "expected_result": "Task 'Automation Task 96 - Report Submission' is successfully created and visible in My Day list.",
    "automation_statuses": "windows can automate",
    "tags": ""
  },
  {
    "project_name": "Microsofttodo",
    "test_suite_name": "testsuite1",
    "section_path": "Test Cases",
    "test_case_id": 164,
    "title": "Validate Add Task Flow with Unique Data Set 97",
    "preconditions": "Microsoft To Do application is installed, launchable, and user is logged in.",
    "steps": [
      "Arrange: Launch Microsoft To Do application and navigate to My Day page.",
      "Act: Click 'Add Task' button, enter task name 'Automation Task 97 - Report Submission' in the textbox, and press Enter key.",
      "Assert: Verify that task 'Automation Task 97 - Report Submission' appears in the My Day task list."
    ],
    "expected_result": "Task 'Automation Task 97 - Report Submission' is successfully created and visible in My Day list.",
    "automation_statuses": "windows can automate",
    "tags": ""
  },
  {
    "project_name": "Microsofttodo",
    "test_suite_name": "testsuite1",
    "section_path": "Test Cases",
    "test_case_id": 165,
    "title": "Validate Add Task Flow with Unique Data Set 98",
    "preconditions": "Microsoft To Do application is installed, launchable, and user is logged in.",
    "steps": [
      "Arrange: Launch Microsoft To Do application and navigate to My Day page.",
      "Act: Click 'Add Task' button, enter task name 'Automation Task 98 - Report Submission' in the textbox, and press Enter key.",
      "Assert: Verify that task 'Automation Task 98 - Report Submission' appears in the My Day task list."
    ],
    "expected_result": "Task 'Automation Task 98 - Report Submission' is successfully created and visible in My Day list.",
    "automation_statuses": "windows can automate",
    "tags": ""
  },
  {
    "project_name": "Microsofttodo",
    "test_suite_name": "testsuite1",
    "section_path": "Test Cases",
    "test_case_id": 166,
    "title": "Validate Add Task Flow with Unique Data Set 99",
    "preconditions": "Microsoft To Do application is installed, launchable, and user is logged in.",
    "steps": [
      "Arrange: Launch Microsoft To Do application and navigate to My Day page.",
      "Act: Click 'Add Task' button, enter task name 'Automation Task 99 - Report Submission' in the textbox, and press Enter key.",
      "Assert: Verify that task 'Automation Task 99 - Report Submission' appears in the My Day task list."
    ],
    "expected_result": "Task 'Automation Task 99 - Report Submission' is successfully created and visible in My Day list.",
    "automation_statuses": "windows can automate",
    "tags": ""
  },
  {
    "project_name": "Microsofttodo",
    "test_suite_name": "testsuite1",
    "section_path": "Test Cases",
    "test_case_id": 167,
    "title": "Validate Add Task Flow with Unique Data Set 100",
    "preconditions": "Microsoft To Do application is installed, launchable, and user is logged in.",
    "steps": [
      "Arrange: Launch Microsoft To Do application and navigate to My Day page.",
      "Act: Click 'Add Task' button, enter task name 'Automation Task 100 - Report Submission' in the textbox, and press Enter key.",
      "Assert: Verify that task 'Automation Task 100 - Report Submission' appears in the My Day task list."
    ],
    "expected_result": "Task 'Automation Task 100 - Report Submission' is successfully created and visible in My Day list.",
    "automation_statuses": "windows can automate",
    "tags": ""
  }
]