[
  {
    "project_name": "Ecommerce",
    "test_suite_name": "users",
    "section_path": "omen",
    "test_case_id": 4718,
    "title": "OMEN Automated Test Case 1: Verify OMEN launches from Start Menu",
    "preconditions": "OMEN Gaming Hub installed, user logged in",
    "steps": [
      "1. Open Start Menu\n2. Search for OMEN Gaming Hub\n3. Click the app\n4. Verify dashboard loads"
    ],
    "expected_result": "OMEN Gaming Hub opens successfully",
    "automation_statuses": "windows can automate",
    "tags": "omen,windows,automation"
  },
  {
    "project_name": "Ecommerce",
    "test_suite_name": "users",
    "section_path": "omen",
    "test_case_id": 4719,
    "title": "OMEN Automated Test Case 2: Verify OMEN launches from taskbar shortcut",
    "preconditions": "OMEN Gaming Hub installed, user logged in",
    "steps": [
      "1. Click OMEN icon on taskbar\n2. Wait for application to load"
    ],
    "expected_result": "OMEN launches from taskbar",
    "automation_statuses": "windows can automate",
    "tags": "omen,windows,automation"
  },
  {
    "project_name": "Ecommerce",
    "test_suite_name": "users",
    "section_path": "omen",
    "test_case_id": 4720,
    "title": "OMEN Automated Test Case 3: Verify OMEN closes using close button",
    "preconditions": "OMEN Gaming Hub installed, user logged in",
    "steps": [
      "1. Launch OMEN\n2. Click Close (X) button"
    ],
    "expected_result": "OMEN closes gracefully",
    "automation_statuses": "windows can automate",
    "tags": "omen,windows,automation"
  },
  {
    "project_name": "Ecommerce",
    "test_suite_name": "users",
    "section_path": "omen",
    "test_case_id": 4721,
    "title": "OMEN Automated Test Case 4: Verify CPU metrics refresh",
    "preconditions": "OMEN Gaming Hub installed, user logged in",
    "steps": [
      "1. Launch OMEN\n2. Open Performance Control\n3. Observe CPU usage for 10 seconds"
    ],
    "expected_result": "CPU usage refreshes",
    "automation_statuses": "windows can automate",
    "tags": "omen,windows,automation"
  },
  {
    "project_name": "Ecommerce",
    "test_suite_name": "users",
    "section_path": "omen",
    "test_case_id": 4722,
    "title": "OMEN Automated Test Case 5: Verify GPU metrics visibility",
    "preconditions": "OMEN Gaming Hub installed, user logged in",
    "steps": [
      "1. Launch OMEN\n2. Open Performance Control\n3. Check GPU usage"
    ],
    "expected_result": "GPU usage is displayed",
    "automation_statuses": "windows can automate",
    "tags": "omen,windows,automation"
  },
  {
    "project_name": "Ecommerce",
    "test_suite_name": "users",
    "section_path": "omen",
    "test_case_id": 4723,
    "title": "OMEN Automated Test Case 6: Verify default thermal profile",
    "preconditions": "OMEN Gaming Hub installed, user logged in",
    "steps": [
      "1. Launch OMEN\n2. Open Performance Control\n3. Check selected profile"
    ],
    "expected_result": "Default profile is selected",
    "automation_statuses": "windows can automate",
    "tags": "omen,windows,automation"
  },
  {
    "project_name": "Ecommerce",
    "test_suite_name": "users",
    "section_path": "omen",
    "test_case_id": 4724,
    "title": "OMEN Automated Test Case 7: Verify switch to Balanced profile",
    "preconditions": "OMEN Gaming Hub installed, user logged in",
    "steps": [
      "1. Launch OMEN\n2. Switch thermal profile to Balanced"
    ],
    "expected_result": "Profile switches to Balanced",
    "automation_statuses": "windows can automate",
    "tags": "omen,windows,automation"
  },
  {
    "project_name": "Ecommerce",
    "test_suite_name": "users",
    "section_path": "omen",
    "test_case_id": 4725,
    "title": "OMEN Automated Test Case 8: Verify switch to Performance profile",
    "preconditions": "OMEN Gaming Hub installed, user logged in",
    "steps": [
      "1. Launch OMEN\n2. Switch thermal profile to Performance"
    ],
    "expected_result": "Profile switches to Performance",
    "automation_statuses": "windows can automate",
    "tags": "omen,windows,automation"
  },
  {
    "project_name": "Ecommerce",
    "test_suite_name": "users",
    "section_path": "omen",
    "test_case_id": 4726,
    "title": "OMEN Automated Test Case 9: Verify Network Booster page load",
    "preconditions": "OMEN Gaming Hub installed, user logged in",
    "steps": [
      "1. Launch OMEN\n2. Open Network Booster"
    ],
    "expected_result": "Network Booster page loads",
    "automation_statuses": "windows can automate",
    "tags": "omen,windows,automation"
  },
  {
    "project_name": "Ecommerce",
    "test_suite_name": "users",
    "section_path": "omen",
    "test_case_id": 4727,
    "title": "OMEN Automated Test Case 10: Verify enable Network Booster",
    "preconditions": "OMEN Gaming Hub installed, user logged in",
    "steps": [
      "1. Launch OMEN\n2. Enable Network Booster toggle"
    ],
    "expected_result": "Network Booster enabled",
    "automation_statuses": "windows can automate",
    "tags": "omen,windows,automation"
  },
  {
    "project_name": "Ecommerce",
    "test_suite_name": "users",
    "section_path": "omen",
    "test_case_id": 4728,
    "title": "OMEN Automated Test Case 11: Verify disable Network Booster",
    "preconditions": "OMEN Gaming Hub installed, user logged in",
    "steps": [
      "1. Launch OMEN\n2. Disable Network Booster toggle"
    ],
    "expected_result": "Network Booster disabled",
    "automation_statuses": "windows can automate",
    "tags": "omen,windows,automation"
  },
  {
    "project_name": "Ecommerce",
    "test_suite_name": "users",
    "section_path": "omen",
    "test_case_id": 4729,
    "title": "OMEN Automated Test Case 12: Verify Network Booster persistence",
    "preconditions": "OMEN Gaming Hub installed, user logged in",
    "steps": [
      "1. Enable Network Booster\n2. Restart OMEN"
    ],
    "expected_result": "Setting persists",
    "automation_statuses": "windows can automate",
    "tags": "omen,windows,automation"
  },
  {
    "project_name": "Ecommerce",
    "test_suite_name": "users",
    "section_path": "omen",
    "test_case_id": 4730,
    "title": "OMEN Automated Test Case 13: Verify Game Library loads",
    "preconditions": "OMEN Gaming Hub installed, user logged in",
    "steps": [
      "1. Launch OMEN\n2. Open Game Library"
    ],
    "expected_result": "Game Library loads",
    "automation_statuses": "windows can automate",
    "tags": "omen,windows,automation"
  },
  {
    "project_name": "Ecommerce",
    "test_suite_name": "users",
    "section_path": "omen",
    "test_case_id": 4731,
    "title": "OMEN Automated Test Case 14: Verify Game Library refresh",
    "preconditions": "OMEN Gaming Hub installed, user logged in",
    "steps": [
      "1. Launch OMEN\n2. Refresh Game Library"
    ],
    "expected_result": "Library refresh successful",
    "automation_statuses": "windows can automate",
    "tags": "omen,windows,automation"
  },
  {
    "project_name": "Ecommerce",
    "test_suite_name": "users",
    "section_path": "omen",
    "test_case_id": 4732,
    "title": "OMEN Automated Test Case 15: Verify game details open",
    "preconditions": "OMEN Gaming Hub installed, user logged in",
    "steps": [
      "1. Launch OMEN\n2. Open Game Library\n3. Click a game"
    ],
    "expected_result": "Game details page opens",
    "automation_statuses": "windows can automate",
    "tags": "omen,windows,automation"
  },
  {
    "project_name": "Ecommerce",
    "test_suite_name": "users",
    "section_path": "omen",
    "test_case_id": 4733,
    "title": "OMEN Automated Test Case 16: Verify switch to Dark theme",
    "preconditions": "OMEN Gaming Hub installed, user logged in",
    "steps": [
      "1. Launch OMEN\n2. Change theme to Dark"
    ],
    "expected_result": "Theme changes",
    "automation_statuses": "windows can automate",
    "tags": "omen,windows,automation"
  },
  {
    "project_name": "Ecommerce",
    "test_suite_name": "users",
    "section_path": "omen",
    "test_case_id": 4734,
    "title": "OMEN Automated Test Case 17: Verify switch to Light theme",
    "preconditions": "OMEN Gaming Hub installed, user logged in",
    "steps": [
      "1. Launch OMEN\n2. Change theme to Light"
    ],
    "expected_result": "Theme changes",
    "automation_statuses": "windows can automate",
    "tags": "omen,windows,automation"
  },
  {
    "project_name": "Ecommerce",
    "test_suite_name": "users",
    "section_path": "omen",
    "test_case_id": 4735,
    "title": "OMEN Automated Test Case 18: Verify theme persistence",
    "preconditions": "OMEN Gaming Hub installed, user logged in",
    "steps": [
      "1. Change theme\n2. Restart OMEN"
    ],
    "expected_result": "Theme persists",
    "automation_statuses": "windows can automate",
    "tags": "omen,windows,automation"
  },
  {
    "project_name": "Ecommerce",
    "test_suite_name": "users",
    "section_path": "omen",
    "test_case_id": 4736,
    "title": "OMEN Automated Test Case 19: Verify notifications panel",
    "preconditions": "OMEN Gaming Hub installed, user logged in",
    "steps": [
      "1. Launch OMEN\n2. Open notifications"
    ],
    "expected_result": "Panel opens",
    "automation_statuses": "windows can automate",
    "tags": "omen,windows,automation"
  },
  {
    "project_name": "Ecommerce",
    "test_suite_name": "users",
    "section_path": "omen",
    "test_case_id": 4737,
    "title": "OMEN Automated Test Case 20: Verify notification navigation",
    "preconditions": "OMEN Gaming Hub installed, user logged in",
    "steps": [
      "1. Open notification\n2. Click notification"
    ],
    "expected_result": "Redirect works",
    "automation_statuses": "windows can automate",
    "tags": "omen,windows,automation"
  },
  {
    "project_name": "Ecommerce",
    "test_suite_name": "users",
    "section_path": "omen",
    "test_case_id": 4738,
    "title": "OMEN Automated Test Case 21: Verify offline warning",
    "preconditions": "OMEN Gaming Hub installed, user logged in",
    "steps": [
      "1. Disconnect internet\n2. Launch OMEN"
    ],
    "expected_result": "Offline warning shown",
    "automation_statuses": "windows can automate",
    "tags": "omen,windows,automation"
  },
  {
    "project_name": "Ecommerce",
    "test_suite_name": "users",
    "section_path": "omen",
    "test_case_id": 4739,
    "title": "OMEN Automated Test Case 22: Verify recovery after reconnect",
    "preconditions": "OMEN Gaming Hub installed, user logged in",
    "steps": [
      "1. Launch offline\n2. Reconnect internet\n3. Refresh"
    ],
    "expected_result": "App recovers",
    "automation_statuses": "windows can automate",
    "tags": "omen,windows,automation"
  },
  {
    "project_name": "Ecommerce",
    "test_suite_name": "users",
    "section_path": "omen",
    "test_case_id": 4740,
    "title": "OMEN Automated Test Case 23: Verify settings page",
    "preconditions": "OMEN Gaming Hub installed, user logged in",
    "steps": [
      "1. Launch OMEN\n2. Open Settings"
    ],
    "expected_result": "Settings open",
    "automation_statuses": "windows can automate",
    "tags": "omen,windows,automation"
  },
  {
    "project_name": "Ecommerce",
    "test_suite_name": "users",
    "section_path": "omen",
    "test_case_id": 4741,
    "title": "OMEN Automated Test Case 24: Verify about page",
    "preconditions": "OMEN Gaming Hub installed, user logged in",
    "steps": [
      "1. Launch OMEN\n2. Open About"
    ],
    "expected_result": "Version shown",
    "automation_statuses": "windows can automate",
    "tags": "omen,windows,automation"
  },
  {
    "project_name": "Ecommerce",
    "test_suite_name": "users",
    "section_path": "omen",
    "test_case_id": 4742,
    "title": "OMEN Automated Test Case 25: Verify check for updates",
    "preconditions": "OMEN Gaming Hub installed, user logged in",
    "steps": [
      "1. Launch OMEN\n2. Click Check for Updates"
    ],
    "expected_result": "Check completes",
    "automation_statuses": "windows can automate",
    "tags": "omen,windows,automation"
  },
  {
    "project_name": "Ecommerce",
    "test_suite_name": "users",
    "section_path": "omen",
    "test_case_id": 4743,
    "title": "OMEN Automated Test Case 26: Verify minimize to tray",
    "preconditions": "OMEN Gaming Hub installed, user logged in",
    "steps": [
      "1. Launch OMEN\n2. Minimize app"
    ],
    "expected_result": "App minimizes to tray",
    "automation_statuses": "windows can automate",
    "tags": "omen,windows,automation"
  },
  {
    "project_name": "Ecommerce",
    "test_suite_name": "users",
    "section_path": "omen",
    "test_case_id": 4744,
    "title": "OMEN Automated Test Case 27: Verify restore from tray",
    "preconditions": "OMEN Gaming Hub installed, user logged in",
    "steps": [
      "1. Minimize OMEN\n2. Restore from tray"
    ],
    "expected_result": "App restores",
    "automation_statuses": "windows can automate",
    "tags": "omen,windows,automation"
  },
  {
    "project_name": "Ecommerce",
    "test_suite_name": "users",
    "section_path": "omen",
    "test_case_id": 4745,
    "title": "OMEN Automated Test Case 28: Verify rapid tab switching",
    "preconditions": "OMEN Gaming Hub installed, user logged in",
    "steps": [
      "1. Launch OMEN\n2. Switch tabs quickly"
    ],
    "expected_result": "No crash",
    "automation_statuses": "windows can automate",
    "tags": "omen,windows,automation"
  },
  {
    "project_name": "Ecommerce",
    "test_suite_name": "users",
    "section_path": "omen",
    "test_case_id": 4746,
    "title": "OMEN Automated Test Case 29: Verify dashboard widgets",
    "preconditions": "OMEN Gaming Hub installed, user logged in",
    "steps": [
      "1. Launch OMEN\n2. Observe widgets"
    ],
    "expected_result": "Widgets load",
    "automation_statuses": "windows can automate",
    "tags": "omen,windows,automation"
  },
  {
    "project_name": "Ecommerce",
    "test_suite_name": "users",
    "section_path": "omen",
    "test_case_id": 4747,
    "title": "OMEN Automated Test Case 30: Verify dashboard refresh",
    "preconditions": "OMEN Gaming Hub installed, user logged in",
    "steps": [
      "1. Launch OMEN\n2. Refresh dashboard"
    ],
    "expected_result": "Dashboard refreshed",
    "automation_statuses": "windows can automate",
    "tags": "omen,windows,automation"
  },
  {
    "project_name": "Ecommerce",
    "test_suite_name": "users",
    "section_path": "omen",
    "test_case_id": 4748,
    "title": "OMEN Automated Test Case 31: Verify sign out",
    "preconditions": "OMEN Gaming Hub installed, user logged in",
    "steps": [
      "1. Launch OMEN\n2. Sign out"
    ],
    "expected_result": "User signed out",
    "automation_statuses": "windows can automate",
    "tags": "omen,windows,automation"
  },
  {
    "project_name": "Ecommerce",
    "test_suite_name": "users",
    "section_path": "omen",
    "test_case_id": 4749,
    "title": "OMEN Automated Test Case 32: Verify sign-in screen",
    "preconditions": "OMEN Gaming Hub installed, user logged in",
    "steps": [
      "1. Sign out\n2. Relaunch OMEN"
    ],
    "expected_result": "Login screen shown",
    "automation_statuses": "windows can automate",
    "tags": "omen,windows,automation"
  },
  {
    "project_name": "Ecommerce",
    "test_suite_name": "users",
    "section_path": "omen",
    "test_case_id": 4750,
    "title": "OMEN Automated Test Case 33: Verify invalid login error",
    "preconditions": "OMEN Gaming Hub installed, user logged in",
    "steps": [
      "1. Enter invalid creds\n2. Sign in"
    ],
    "expected_result": "Error shown",
    "automation_statuses": "windows can automate",
    "tags": "omen,windows,automation"
  },
  {
    "project_name": "Ecommerce",
    "test_suite_name": "users",
    "section_path": "omen",
    "test_case_id": 4751,
    "title": "OMEN Automated Test Case 34: Verify help link",
    "preconditions": "OMEN Gaming Hub installed, user logged in",
    "steps": [
      "1. Launch OMEN\n2. Click Help"
    ],
    "expected_result": "Help page opens",
    "automation_statuses": "windows can automate",
    "tags": "omen,windows,automation"
  },
  {
    "project_name": "Ecommerce",
    "test_suite_name": "users",
    "section_path": "omen",
    "test_case_id": 4752,
    "title": "OMEN Automated Test Case 35: Verify feedback form",
    "preconditions": "OMEN Gaming Hub installed, user logged in",
    "steps": [
      "1. Launch OMEN\n2. Open Feedback"
    ],
    "expected_result": "Form opens",
    "automation_statuses": "windows can automate",
    "tags": "omen,windows,automation"
  },
  {
    "project_name": "Ecommerce",
    "test_suite_name": "users",
    "section_path": "omen",
    "test_case_id": 4753,
    "title": "OMEN Automated Test Case 36: Verify feedback submission",
    "preconditions": "OMEN Gaming Hub installed, user logged in",
    "steps": [
      "1. Submit feedback form"
    ],
    "expected_result": "Feedback submitted",
    "automation_statuses": "windows can automate",
    "tags": "omen,windows,automation"
  },
  {
    "project_name": "Ecommerce",
    "test_suite_name": "users",
    "section_path": "omen",
    "test_case_id": 4754,
    "title": "OMEN Automated Test Case 37: Verify keyboard navigation",
    "preconditions": "OMEN Gaming Hub installed, user logged in",
    "steps": [
      "1. Navigate using Tab key"
    ],
    "expected_result": "Focus moves",
    "automation_statuses": "windows can automate",
    "tags": "omen,windows,automation"
  },
  {
    "project_name": "Ecommerce",
    "test_suite_name": "users",
    "section_path": "omen",
    "test_case_id": 4755,
    "title": "OMEN Automated Test Case 38: Verify window resize",
    "preconditions": "OMEN Gaming Hub installed, user logged in",
    "steps": [
      "1. Resize app window"
    ],
    "expected_result": "UI scales",
    "automation_statuses": "windows can automate",
    "tags": "omen,windows,automation"
  },
  {
    "project_name": "Ecommerce",
    "test_suite_name": "users",
    "section_path": "omen",
    "test_case_id": 4756,
    "title": "OMEN Automated Test Case 39: Verify rapid clicks",
    "preconditions": "OMEN Gaming Hub installed, user logged in",
    "steps": [
      "1. Rapidly click tabs"
    ],
    "expected_result": "App stable",
    "automation_statuses": "windows can automate",
    "tags": "omen,windows,automation"
  },
  {
    "project_name": "Ecommerce",
    "test_suite_name": "users",
    "section_path": "omen",
    "test_case_id": 4757,
    "title": "OMEN Automated Test Case 40: Verify logout clears session",
    "preconditions": "OMEN Gaming Hub installed, user logged in",
    "steps": [
      "1. Logout\n2. Relaunch OMEN"
    ],
    "expected_result": "Session cleared",
    "automation_statuses": "windows can automate",
    "tags": "omen,windows,automation"
  },
  {
    "project_name": "Ecommerce",
    "test_suite_name": "users",
    "section_path": "omen",
    "test_case_id": 4758,
    "title": "OMEN Automated Test Case 41: Verify launch after reboot",
    "preconditions": "OMEN Gaming Hub installed, user logged in",
    "steps": [
      "1. Reboot system\n2. Launch OMEN"
    ],
    "expected_result": "App launches",
    "automation_statuses": "windows can automate",
    "tags": "omen,windows,automation"
  },
  {
    "project_name": "Ecommerce",
    "test_suite_name": "users",
    "section_path": "omen",
    "test_case_id": 4759,
    "title": "OMEN Automated Test Case 42: Verify startup time",
    "preconditions": "OMEN Gaming Hub installed, user logged in",
    "steps": [
      "1. Launch OMEN\n2. Measure load time"
    ],
    "expected_result": "Within limits",
    "automation_statuses": "windows can automate",
    "tags": "omen,windows,automation"
  },
  {
    "project_name": "Ecommerce",
    "test_suite_name": "users",
    "section_path": "omen",
    "test_case_id": 4760,
    "title": "OMEN Automated Test Case 43: Verify accessibility labels",
    "preconditions": "OMEN Gaming Hub installed, user logged in",
    "steps": [
      "1. Inspect UI with accessibility tool"
    ],
    "expected_result": "Labels present",
    "automation_statuses": "windows can automate",
    "tags": "omen,windows,automation"
  },
  {
    "project_name": "Ecommerce",
    "test_suite_name": "users",
    "section_path": "omen",
    "test_case_id": 4761,
    "title": "OMEN Automated Test Case 44: Verify focus indicator",
    "preconditions": "OMEN Gaming Hub installed, user logged in",
    "steps": [
      "1. Navigate with keyboard"
    ],
    "expected_result": "Indicator visible",
    "automation_statuses": "windows can automate",
    "tags": "omen,windows,automation"
  },
  {
    "project_name": "Ecommerce",
    "test_suite_name": "users",
    "section_path": "omen",
    "test_case_id": 4762,
    "title": "OMEN Automated Test Case 45: Verify minimize and maximize",
    "preconditions": "OMEN Gaming Hub installed, user logged in",
    "steps": [
      "1. Minimize\n2. Maximize OMEN"
    ],
    "expected_result": "State changes",
    "automation_statuses": "windows can automate",
    "tags": "omen,windows,automation"
  },
  {
    "project_name": "Ecommerce",
    "test_suite_name": "users",
    "section_path": "omen",
    "test_case_id": 4763,
    "title": "OMEN Automated Test Case 46: Verify restore last tab",
    "preconditions": "OMEN Gaming Hub installed, user logged in",
    "steps": [
      "1. Open tab\n2. Restart OMEN"
    ],
    "expected_result": "Last tab restored",
    "automation_statuses": "windows can automate",
    "tags": "omen,windows,automation"
  }
]