[
  {
    "project_name": "Ecommerce",
    "test_suite_name": "users",
    "section_path": "omen",
    "test_case_id": 4784,
    "title": "OMEN Insufficient Data Test Case 71",
    "preconditions": "OMEN Gaming Hub installed",
    "steps": [
      "1. Launch OMEN\n2. Navigate to undocumented feature\n3. Explore options\n4. Record behavior"
    ],
    "expected_result": "Behavior documented for analysis",
    "automation_statuses": "",
    "tags": "omen,unknown",
    "insufficient_reason": "Automation status not mentioned or unclear"
  },
  {
    "project_name": "Ecommerce",
    "test_suite_name": "users",
    "section_path": "omen",
    "test_case_id": 4785,
    "title": "OMEN Insufficient Data Test Case 72",
    "preconditions": "OMEN Gaming Hub installed",
    "steps": [
      "1. Launch OMEN\n2. Navigate to undocumented feature\n3. Explore options\n4. Record behavior"
    ],
    "expected_result": "Behavior documented for analysis",
    "automation_statuses": "",
    "tags": "omen,unknown",
    "insufficient_reason": "Automation status not mentioned or unclear"
  },
  {
    "project_name": "Ecommerce",
    "test_suite_name": "users",
    "section_path": "omen",
    "test_case_id": 4786,
    "title": "OMEN Insufficient Data Test Case 73",
    "preconditions": "OMEN Gaming Hub installed",
    "steps": [
      "1. Launch OMEN\n2. Navigate to undocumented feature\n3. Explore options\n4. Record behavior"
    ],
    "expected_result": "Behavior documented for analysis",
    "automation_statuses": "",
    "tags": "omen,unknown",
    "insufficient_reason": "Automation status not mentioned or unclear"
  },
  {
    "project_name": "Ecommerce",
    "test_suite_name": "users",
    "section_path": "omen",
    "test_case_id": 4787,
    "title": "OMEN Insufficient Data Test Case 74",
    "preconditions": "OMEN Gaming Hub installed",
    "steps": [
      "1. Launch OMEN\n2. Navigate to undocumented feature\n3. Explore options\n4. Record behavior"
    ],
    "expected_result": "Behavior documented for analysis",
    "automation_statuses": "",
    "tags": "omen,unknown",
    "insufficient_reason": "Automation status not mentioned or unclear"
  }
]