[
  {
    "project_name": "Ecommerce",
    "test_suite_name": "users",
    "section_path": "omen",
    "test_case_id": 4764,
    "title": "OMEN Manual Test Case 51: Physical hardware validation 1",
    "preconditions": "OMEN compatible hardware connected",
    "steps": [
      "1. Launch OMEN\n2. Connect OMEN hardware device 1\n3. Change related setting\n4. Physically observe response"
    ],
    "expected_result": "Hardware behavior matches configuration",
    "automation_statuses": "windows cannot automate",
    "tags": "omen,manual,hardware"
  },
  {
    "project_name": "Ecommerce",
    "test_suite_name": "users",
    "section_path": "omen",
    "test_case_id": 4765,
    "title": "OMEN Manual Test Case 52: Physical hardware validation 2",
    "preconditions": "OMEN compatible hardware connected",
    "steps": [
      "1. Launch OMEN\n2. Connect OMEN hardware device 2\n3. Change related setting\n4. Physically observe response"
    ],
    "expected_result": "Hardware behavior matches configuration",
    "automation_statuses": "windows cannot automate",
    "tags": "omen,manual,hardware"
  },
  {
    "project_name": "Ecommerce",
    "test_suite_name": "users",
    "section_path": "omen",
    "test_case_id": 4766,
    "title": "OMEN Manual Test Case 53: Physical hardware validation 3",
    "preconditions": "OMEN compatible hardware connected",
    "steps": [
      "1. Launch OMEN\n2. Connect OMEN hardware device 3\n3. Change related setting\n4. Physically observe response"
    ],
    "expected_result": "Hardware behavior matches configuration",
    "automation_statuses": "windows cannot automate",
    "tags": "omen,manual,hardware"
  },
  {
    "project_name": "Ecommerce",
    "test_suite_name": "users",
    "section_path": "omen",
    "test_case_id": 4767,
    "title": "OMEN Manual Test Case 54: Physical hardware validation 4",
    "preconditions": "OMEN compatible hardware connected",
    "steps": [
      "1. Launch OMEN\n2. Connect OMEN hardware device 4\n3. Change related setting\n4. Physically observe response"
    ],
    "expected_result": "Hardware behavior matches configuration",
    "automation_statuses": "windows cannot automate",
    "tags": "omen,manual,hardware"
  },
  {
    "project_name": "Ecommerce",
    "test_suite_name": "users",
    "section_path": "omen",
    "test_case_id": 4768,
    "title": "OMEN Manual Test Case 55: Physical hardware validation 5",
    "preconditions": "OMEN compatible hardware connected",
    "steps": [
      "1. Launch OMEN\n2. Connect OMEN hardware device 5\n3. Change related setting\n4. Physically observe response"
    ],
    "expected_result": "Hardware behavior matches configuration",
    "automation_statuses": "windows cannot automate",
    "tags": "omen,manual,hardware"
  },
  {
    "project_name": "Ecommerce",
    "test_suite_name": "users",
    "section_path": "omen",
    "test_case_id": 4769,
    "title": "OMEN Manual Test Case 56: Physical hardware validation 6",
    "preconditions": "OMEN compatible hardware connected",
    "steps": [
      "1. Launch OMEN\n2. Connect OMEN hardware device 6\n3. Change related setting\n4. Physically observe response"
    ],
    "expected_result": "Hardware behavior matches configuration",
    "automation_statuses": "windows cannot automate",
    "tags": "omen,manual,hardware"
  },
  {
    "project_name": "Ecommerce",
    "test_suite_name": "users",
    "section_path": "omen",
    "test_case_id": 4770,
    "title": "OMEN Manual Test Case 57: Physical hardware validation 7",
    "preconditions": "OMEN compatible hardware connected",
    "steps": [
      "1. Launch OMEN\n2. Connect OMEN hardware device 7\n3. Change related setting\n4. Physically observe response"
    ],
    "expected_result": "Hardware behavior matches configuration",
    "automation_statuses": "windows cannot automate",
    "tags": "omen,manual,hardware"
  },
  {
    "project_name": "Ecommerce",
    "test_suite_name": "users",
    "section_path": "omen",
    "test_case_id": 4771,
    "title": "OMEN Manual Test Case 58: Physical hardware validation 8",
    "preconditions": "OMEN compatible hardware connected",
    "steps": [
      "1. Launch OMEN\n2. Connect OMEN hardware device 8\n3. Change related setting\n4. Physically observe response"
    ],
    "expected_result": "Hardware behavior matches configuration",
    "automation_statuses": "windows cannot automate",
    "tags": "omen,manual,hardware"
  },
  {
    "project_name": "Ecommerce",
    "test_suite_name": "users",
    "section_path": "omen",
    "test_case_id": 4772,
    "title": "OMEN Manual Test Case 59: Physical hardware validation 9",
    "preconditions": "OMEN compatible hardware connected",
    "steps": [
      "1. Launch OMEN\n2. Connect OMEN hardware device 9\n3. Change related setting\n4. Physically observe response"
    ],
    "expected_result": "Hardware behavior matches configuration",
    "automation_statuses": "windows cannot automate",
    "tags": "omen,manual,hardware"
  },
  {
    "project_name": "Ecommerce",
    "test_suite_name": "users",
    "section_path": "omen",
    "test_case_id": 4773,
    "title": "OMEN Manual Test Case 60: Physical hardware validation 10",
    "preconditions": "OMEN compatible hardware connected",
    "steps": [
      "1. Launch OMEN\n2. Connect OMEN hardware device 10\n3. Change related setting\n4. Physically observe response"
    ],
    "expected_result": "Hardware behavior matches configuration",
    "automation_statuses": "windows cannot automate",
    "tags": "omen,manual,hardware"
  },
  {
    "project_name": "Ecommerce",
    "test_suite_name": "users",
    "section_path": "omen",
    "test_case_id": 4774,
    "title": "OMEN Manual Test Case 61: Physical hardware validation 11",
    "preconditions": "OMEN compatible hardware connected",
    "steps": [
      "1. Launch OMEN\n2. Connect OMEN hardware device 11\n3. Change related setting\n4. Physically observe response"
    ],
    "expected_result": "Hardware behavior matches configuration",
    "automation_statuses": "windows cannot automate",
    "tags": "omen,manual,hardware"
  },
  {
    "project_name": "Ecommerce",
    "test_suite_name": "users",
    "section_path": "omen",
    "test_case_id": 4775,
    "title": "OMEN Manual Test Case 62: Physical hardware validation 12",
    "preconditions": "OMEN compatible hardware connected",
    "steps": [
      "1. Launch OMEN\n2. Connect OMEN hardware device 12\n3. Change related setting\n4. Physically observe response"
    ],
    "expected_result": "Hardware behavior matches configuration",
    "automation_statuses": "windows cannot automate",
    "tags": "omen,manual,hardware"
  },
  {
    "project_name": "Ecommerce",
    "test_suite_name": "users",
    "section_path": "omen",
    "test_case_id": 4776,
    "title": "OMEN Manual Test Case 63: Physical hardware validation 13",
    "preconditions": "OMEN compatible hardware connected",
    "steps": [
      "1. Launch OMEN\n2. Connect OMEN hardware device 13\n3. Change related setting\n4. Physically observe response"
    ],
    "expected_result": "Hardware behavior matches configuration",
    "automation_statuses": "windows cannot automate",
    "tags": "omen,manual,hardware"
  },
  {
    "project_name": "Ecommerce",
    "test_suite_name": "users",
    "section_path": "omen",
    "test_case_id": 4777,
    "title": "OMEN Manual Test Case 64: Physical hardware validation 14",
    "preconditions": "OMEN compatible hardware connected",
    "steps": [
      "1. Launch OMEN\n2. Connect OMEN hardware device 14\n3. Change related setting\n4. Physically observe response"
    ],
    "expected_result": "Hardware behavior matches configuration",
    "automation_statuses": "windows cannot automate",
    "tags": "omen,manual,hardware"
  },
  {
    "project_name": "Ecommerce",
    "test_suite_name": "users",
    "section_path": "omen",
    "test_case_id": 4778,
    "title": "OMEN Manual Test Case 65: Physical hardware validation 15",
    "preconditions": "OMEN compatible hardware connected",
    "steps": [
      "1. Launch OMEN\n2. Connect OMEN hardware device 15\n3. Change related setting\n4. Physically observe response"
    ],
    "expected_result": "Hardware behavior matches configuration",
    "automation_statuses": "windows cannot automate",
    "tags": "omen,manual,hardware"
  },
  {
    "project_name": "Ecommerce",
    "test_suite_name": "users",
    "section_path": "omen",
    "test_case_id": 4779,
    "title": "OMEN Manual Test Case 66: Physical hardware validation 16",
    "preconditions": "OMEN compatible hardware connected",
    "steps": [
      "1. Launch OMEN\n2. Connect OMEN hardware device 16\n3. Change related setting\n4. Physically observe response"
    ],
    "expected_result": "Hardware behavior matches configuration",
    "automation_statuses": "windows cannot automate",
    "tags": "omen,manual,hardware"
  },
  {
    "project_name": "Ecommerce",
    "test_suite_name": "users",
    "section_path": "omen",
    "test_case_id": 4780,
    "title": "OMEN Manual Test Case 67: Physical hardware validation 17",
    "preconditions": "OMEN compatible hardware connected",
    "steps": [
      "1. Launch OMEN\n2. Connect OMEN hardware device 17\n3. Change related setting\n4. Physically observe response"
    ],
    "expected_result": "Hardware behavior matches configuration",
    "automation_statuses": "windows cannot automate",
    "tags": "omen,manual,hardware"
  },
  {
    "project_name": "Ecommerce",
    "test_suite_name": "users",
    "section_path": "omen",
    "test_case_id": 4781,
    "title": "OMEN Manual Test Case 68: Physical hardware validation 18",
    "preconditions": "OMEN compatible hardware connected",
    "steps": [
      "1. Launch OMEN\n2. Connect OMEN hardware device 18\n3. Change related setting\n4. Physically observe response"
    ],
    "expected_result": "Hardware behavior matches configuration",
    "automation_statuses": "windows cannot automate",
    "tags": "omen,manual,hardware"
  },
  {
    "project_name": "Ecommerce",
    "test_suite_name": "users",
    "section_path": "omen",
    "test_case_id": 4782,
    "title": "OMEN Manual Test Case 69: Physical hardware validation 19",
    "preconditions": "OMEN compatible hardware connected",
    "steps": [
      "1. Launch OMEN\n2. Connect OMEN hardware device 19\n3. Change related setting\n4. Physically observe response"
    ],
    "expected_result": "Hardware behavior matches configuration",
    "automation_statuses": "windows cannot automate",
    "tags": "omen,manual,hardware"
  },
  {
    "project_name": "Ecommerce",
    "test_suite_name": "users",
    "section_path": "omen",
    "test_case_id": 4783,
    "title": "OMEN Manual Test Case 70: Physical hardware validation 20",
    "preconditions": "OMEN compatible hardware connected",
    "steps": [
      "1. Launch OMEN\n2. Connect OMEN hardware device 20\n3. Change related setting\n4. Physically observe response"
    ],
    "expected_result": "Hardware behavior matches configuration",
    "automation_statuses": "windows cannot automate",
    "tags": "omen,manual,hardware"
  }
]