[
  {
    "project_name": "Calculator",
    "test_suite_name": "testsuite",
    "section_path": "test02",
    "test_case_id": 168,
    "title": "Verify Addition - Test Case 1",
    "preconditions": "Windows OS installed and Calculator application available",
    "steps": [
      "Step 1: Open Calculator app\nStep 2: Ensure Standard mode is selected\nStep 3: Enter 5 + 3\nStep 4: Press '=' button"
    ],
    "expected_result": "Result should display 8 correctly",
    "automation_statuses": "windows can automate",
    "tags": "calculator,windows,basic"
  },
  {
    "project_name": "Calculator",
    "test_suite_name": "testsuite",
    "section_path": "test02",
    "test_case_id": 169,
    "title": "Verify Subtraction - Test Case 2",
    "preconditions": "Windows OS installed and Calculator application available",
    "steps": [
      "Step 1: Open Calculator app\nStep 2: Ensure Standard mode is selected\nStep 3: Enter 9 - 4\nStep 4: Press '=' button"
    ],
    "expected_result": "Result should display 5 correctly",
    "automation_statuses": "windows can automate",
    "tags": "calculator,windows,basic"
  },
  {
    "project_name": "Calculator",
    "test_suite_name": "testsuite",
    "section_path": "test02",
    "test_case_id": 170,
    "title": "Verify Multiplication - Test Case 3",
    "preconditions": "Windows OS installed and Calculator application available",
    "steps": [
      "Step 1: Open Calculator app\nStep 2: Ensure Standard mode is selected\nStep 3: Enter 6 * 7\nStep 4: Press '=' button"
    ],
    "expected_result": "Result should display 42 correctly",
    "automation_statuses": "windows can automate",
    "tags": "calculator,windows,basic"
  },
  {
    "project_name": "Calculator",
    "test_suite_name": "testsuite",
    "section_path": "test02",
    "test_case_id": 171,
    "title": "Verify Division - Test Case 4",
    "preconditions": "Windows OS installed and Calculator application available",
    "steps": [
      "Step 1: Open Calculator app\nStep 2: Ensure Standard mode is selected\nStep 3: Enter 8 / 2\nStep 4: Press '=' button"
    ],
    "expected_result": "Result should display 4 correctly",
    "automation_statuses": "windows can automate",
    "tags": "calculator,windows,basic"
  },
  {
    "project_name": "Calculator",
    "test_suite_name": "testsuite",
    "section_path": "test02",
    "test_case_id": 172,
    "title": "Verify Decimal Addition - Test Case 5",
    "preconditions": "Windows OS installed and Calculator application available",
    "steps": [
      "Step 1: Open Calculator app\nStep 2: Ensure Standard mode is selected\nStep 3: Enter 5.5 + 2.3\nStep 4: Press '=' button"
    ],
    "expected_result": "Result should display 7.8 correctly",
    "automation_statuses": "windows can automate",
    "tags": "calculator,windows,basic"
  },
  {
    "project_name": "Calculator",
    "test_suite_name": "testsuite",
    "section_path": "test02",
    "test_case_id": 173,
    "title": "Verify Negative Addition - Test Case 6",
    "preconditions": "Windows OS installed and Calculator application available",
    "steps": [
      "Step 1: Open Calculator app\nStep 2: Ensure Standard mode is selected\nStep 3: Enter -5 + 3\nStep 4: Press '=' button"
    ],
    "expected_result": "Result should display -2 correctly",
    "automation_statuses": "windows can automate",
    "tags": "calculator,windows,basic"
  },
  {
    "project_name": "Calculator",
    "test_suite_name": "testsuite",
    "section_path": "test02",
    "test_case_id": 174,
    "title": "Verify Large Number Addition - Test Case 7",
    "preconditions": "Windows OS installed and Calculator application available",
    "steps": [
      "Step 1: Open Calculator app\nStep 2: Ensure Standard mode is selected\nStep 3: Enter 123456 + 654321\nStep 4: Press '=' button"
    ],
    "expected_result": "Result should display 777777 correctly",
    "automation_statuses": "windows can automate",
    "tags": "calculator,windows,basic"
  },
  {
    "project_name": "Calculator",
    "test_suite_name": "testsuite",
    "section_path": "test02",
    "test_case_id": 175,
    "title": "Verify Percentage Calculation - Test Case 8",
    "preconditions": "Windows OS installed and Calculator application available",
    "steps": [
      "Step 1: Open Calculator app\nStep 2: Ensure Standard mode is selected\nStep 3: Enter 200 * 10%\nStep 4: Press '=' button"
    ],
    "expected_result": "Result should display 20 correctly",
    "automation_statuses": "windows can automate",
    "tags": "calculator,windows,basic"
  },
  {
    "project_name": "Calculator",
    "test_suite_name": "testsuite",
    "section_path": "test02",
    "test_case_id": 176,
    "title": "Verify Square Calculation - Test Case 9",
    "preconditions": "Windows OS installed and Calculator application available",
    "steps": [
      "Step 1: Open Calculator app\nStep 2: Ensure Standard mode is selected\nStep 3: Enter 4 * 4\nStep 4: Press '=' button"
    ],
    "expected_result": "Result should display 16 correctly",
    "automation_statuses": "windows can automate",
    "tags": "calculator,windows,basic"
  },
  {
    "project_name": "Calculator",
    "test_suite_name": "testsuite",
    "section_path": "test02",
    "test_case_id": 177,
    "title": "Verify Sequential Operation - Test Case 10",
    "preconditions": "Windows OS installed and Calculator application available",
    "steps": [
      "Step 1: Open Calculator app\nStep 2: Ensure Standard mode is selected\nStep 3: Enter 2 + 3 * 4\nStep 4: Press '=' button"
    ],
    "expected_result": "Result should display 20 correctly",
    "automation_statuses": "windows can automate",
    "tags": "calculator,windows,basic"
  },
  {
    "project_name": "Calculator",
    "test_suite_name": "testsuite",
    "section_path": "test02",
    "test_case_id": 178,
    "title": "Verify Addition - Test Case 11",
    "preconditions": "Windows OS installed and Calculator application available",
    "steps": [
      "Step 1: Open Calculator app\nStep 2: Ensure Standard mode is selected\nStep 3: Enter 5 + 3\nStep 4: Press '=' button"
    ],
    "expected_result": "Result should display 8 correctly",
    "automation_statuses": "windows can automate",
    "tags": "calculator,windows,basic"
  },
  {
    "project_name": "Calculator",
    "test_suite_name": "testsuite",
    "section_path": "test02",
    "test_case_id": 179,
    "title": "Verify Subtraction - Test Case 12",
    "preconditions": "Windows OS installed and Calculator application available",
    "steps": [
      "Step 1: Open Calculator app\nStep 2: Ensure Standard mode is selected\nStep 3: Enter 9 - 4\nStep 4: Press '=' button"
    ],
    "expected_result": "Result should display 5 correctly",
    "automation_statuses": "windows can automate",
    "tags": "calculator,windows,basic"
  },
  {
    "project_name": "Calculator",
    "test_suite_name": "testsuite",
    "section_path": "test02",
    "test_case_id": 180,
    "title": "Verify Multiplication - Test Case 13",
    "preconditions": "Windows OS installed and Calculator application available",
    "steps": [
      "Step 1: Open Calculator app\nStep 2: Ensure Standard mode is selected\nStep 3: Enter 6 * 7\nStep 4: Press '=' button"
    ],
    "expected_result": "Result should display 42 correctly",
    "automation_statuses": "windows can automate",
    "tags": "calculator,windows,basic"
  },
  {
    "project_name": "Calculator",
    "test_suite_name": "testsuite",
    "section_path": "test02",
    "test_case_id": 181,
    "title": "Verify Division - Test Case 14",
    "preconditions": "Windows OS installed and Calculator application available",
    "steps": [
      "Step 1: Open Calculator app\nStep 2: Ensure Standard mode is selected\nStep 3: Enter 8 / 2\nStep 4: Press '=' button"
    ],
    "expected_result": "Result should display 4 correctly",
    "automation_statuses": "windows can automate",
    "tags": "calculator,windows,basic"
  },
  {
    "project_name": "Calculator",
    "test_suite_name": "testsuite",
    "section_path": "test02",
    "test_case_id": 182,
    "title": "Verify Decimal Addition - Test Case 15",
    "preconditions": "Windows OS installed and Calculator application available",
    "steps": [
      "Step 1: Open Calculator app\nStep 2: Ensure Standard mode is selected\nStep 3: Enter 5.5 + 2.3\nStep 4: Press '=' button"
    ],
    "expected_result": "Result should display 7.8 correctly",
    "automation_statuses": "windows can automate",
    "tags": "calculator,windows,basic"
  },
  {
    "project_name": "Calculator",
    "test_suite_name": "testsuite",
    "section_path": "test02",
    "test_case_id": 183,
    "title": "Verify Negative Addition - Test Case 16",
    "preconditions": "Windows OS installed and Calculator application available",
    "steps": [
      "Step 1: Open Calculator app\nStep 2: Ensure Standard mode is selected\nStep 3: Enter -5 + 3\nStep 4: Press '=' button"
    ],
    "expected_result": "Result should display -2 correctly",
    "automation_statuses": "windows can automate",
    "tags": "calculator,windows,basic"
  },
  {
    "project_name": "Calculator",
    "test_suite_name": "testsuite",
    "section_path": "test02",
    "test_case_id": 184,
    "title": "Verify Large Number Addition - Test Case 17",
    "preconditions": "Windows OS installed and Calculator application available",
    "steps": [
      "Step 1: Open Calculator app\nStep 2: Ensure Standard mode is selected\nStep 3: Enter 123456 + 654321\nStep 4: Press '=' button"
    ],
    "expected_result": "Result should display 777777 correctly",
    "automation_statuses": "windows can automate",
    "tags": "calculator,windows,basic"
  },
  {
    "project_name": "Calculator",
    "test_suite_name": "testsuite",
    "section_path": "test02",
    "test_case_id": 185,
    "title": "Verify Percentage Calculation - Test Case 18",
    "preconditions": "Windows OS installed and Calculator application available",
    "steps": [
      "Step 1: Open Calculator app\nStep 2: Ensure Standard mode is selected\nStep 3: Enter 200 * 10%\nStep 4: Press '=' button"
    ],
    "expected_result": "Result should display 20 correctly",
    "automation_statuses": "windows can automate",
    "tags": "calculator,windows,basic"
  },
  {
    "project_name": "Calculator",
    "test_suite_name": "testsuite",
    "section_path": "test02",
    "test_case_id": 186,
    "title": "Verify Square Calculation - Test Case 19",
    "preconditions": "Windows OS installed and Calculator application available",
    "steps": [
      "Step 1: Open Calculator app\nStep 2: Ensure Standard mode is selected\nStep 3: Enter 4 * 4\nStep 4: Press '=' button"
    ],
    "expected_result": "Result should display 16 correctly",
    "automation_statuses": "windows can automate",
    "tags": "calculator,windows,basic"
  },
  {
    "project_name": "Calculator",
    "test_suite_name": "testsuite",
    "section_path": "test02",
    "test_case_id": 187,
    "title": "Verify Sequential Operation - Test Case 20",
    "preconditions": "Windows OS installed and Calculator application available",
    "steps": [
      "Step 1: Open Calculator app\nStep 2: Ensure Standard mode is selected\nStep 3: Enter 2 + 3 * 4\nStep 4: Press '=' button"
    ],
    "expected_result": "Result should display 20 correctly",
    "automation_statuses": "windows can automate",
    "tags": "calculator,windows,basic"
  },
  {
    "project_name": "Calculator",
    "test_suite_name": "testsuite",
    "section_path": "test02",
    "test_case_id": 188,
    "title": "Verify Addition - Test Case 21",
    "preconditions": "Windows OS installed and Calculator application available",
    "steps": [
      "Step 1: Open Calculator app\nStep 2: Ensure Standard mode is selected\nStep 3: Enter 5 + 3\nStep 4: Press '=' button"
    ],
    "expected_result": "Result should display 8 correctly",
    "automation_statuses": "windows can automate",
    "tags": "calculator,windows,basic"
  },
  {
    "project_name": "Calculator",
    "test_suite_name": "testsuite",
    "section_path": "test02",
    "test_case_id": 189,
    "title": "Verify Subtraction - Test Case 22",
    "preconditions": "Windows OS installed and Calculator application available",
    "steps": [
      "Step 1: Open Calculator app\nStep 2: Ensure Standard mode is selected\nStep 3: Enter 9 - 4\nStep 4: Press '=' button"
    ],
    "expected_result": "Result should display 5 correctly",
    "automation_statuses": "windows can automate",
    "tags": "calculator,windows,basic"
  },
  {
    "project_name": "Calculator",
    "test_suite_name": "testsuite",
    "section_path": "test02",
    "test_case_id": 190,
    "title": "Verify Multiplication - Test Case 23",
    "preconditions": "Windows OS installed and Calculator application available",
    "steps": [
      "Step 1: Open Calculator app\nStep 2: Ensure Standard mode is selected\nStep 3: Enter 6 * 7\nStep 4: Press '=' button"
    ],
    "expected_result": "Result should display 42 correctly",
    "automation_statuses": "windows can automate",
    "tags": "calculator,windows,basic"
  },
  {
    "project_name": "Calculator",
    "test_suite_name": "testsuite",
    "section_path": "test02",
    "test_case_id": 191,
    "title": "Verify Division - Test Case 24",
    "preconditions": "Windows OS installed and Calculator application available",
    "steps": [
      "Step 1: Open Calculator app\nStep 2: Ensure Standard mode is selected\nStep 3: Enter 8 / 2\nStep 4: Press '=' button"
    ],
    "expected_result": "Result should display 4 correctly",
    "automation_statuses": "windows can automate",
    "tags": "calculator,windows,basic"
  },
  {
    "project_name": "Calculator",
    "test_suite_name": "testsuite",
    "section_path": "test02",
    "test_case_id": 192,
    "title": "Verify Decimal Addition - Test Case 25",
    "preconditions": "Windows OS installed and Calculator application available",
    "steps": [
      "Step 1: Open Calculator app\nStep 2: Ensure Standard mode is selected\nStep 3: Enter 5.5 + 2.3\nStep 4: Press '=' button"
    ],
    "expected_result": "Result should display 7.8 correctly",
    "automation_statuses": "windows can automate",
    "tags": "calculator,windows,basic"
  },
  {
    "project_name": "Calculator",
    "test_suite_name": "testsuite",
    "section_path": "test02",
    "test_case_id": 193,
    "title": "Verify Negative Addition - Test Case 26",
    "preconditions": "Windows OS installed and Calculator application available",
    "steps": [
      "Step 1: Open Calculator app\nStep 2: Ensure Standard mode is selected\nStep 3: Enter -5 + 3\nStep 4: Press '=' button"
    ],
    "expected_result": "Result should display -2 correctly",
    "automation_statuses": "windows can automate",
    "tags": "calculator,windows,basic"
  },
  {
    "project_name": "Calculator",
    "test_suite_name": "testsuite",
    "section_path": "test02",
    "test_case_id": 194,
    "title": "Verify Large Number Addition - Test Case 27",
    "preconditions": "Windows OS installed and Calculator application available",
    "steps": [
      "Step 1: Open Calculator app\nStep 2: Ensure Standard mode is selected\nStep 3: Enter 123456 + 654321\nStep 4: Press '=' button"
    ],
    "expected_result": "Result should display 777777 correctly",
    "automation_statuses": "windows can automate",
    "tags": "calculator,windows,basic"
  },
  {
    "project_name": "Calculator",
    "test_suite_name": "testsuite",
    "section_path": "test02",
    "test_case_id": 195,
    "title": "Verify Percentage Calculation - Test Case 28",
    "preconditions": "Windows OS installed and Calculator application available",
    "steps": [
      "Step 1: Open Calculator app\nStep 2: Ensure Standard mode is selected\nStep 3: Enter 200 * 10%\nStep 4: Press '=' button"
    ],
    "expected_result": "Result should display 20 correctly",
    "automation_statuses": "windows can automate",
    "tags": "calculator,windows,basic"
  },
  {
    "project_name": "Calculator",
    "test_suite_name": "testsuite",
    "section_path": "test02",
    "test_case_id": 196,
    "title": "Verify Square Calculation - Test Case 29",
    "preconditions": "Windows OS installed and Calculator application available",
    "steps": [
      "Step 1: Open Calculator app\nStep 2: Ensure Standard mode is selected\nStep 3: Enter 4 * 4\nStep 4: Press '=' button"
    ],
    "expected_result": "Result should display 16 correctly",
    "automation_statuses": "windows can automate",
    "tags": "calculator,windows,basic"
  },
  {
    "project_name": "Calculator",
    "test_suite_name": "testsuite",
    "section_path": "test02",
    "test_case_id": 197,
    "title": "Verify Sequential Operation - Test Case 30",
    "preconditions": "Windows OS installed and Calculator application available",
    "steps": [
      "Step 1: Open Calculator app\nStep 2: Ensure Standard mode is selected\nStep 3: Enter 2 + 3 * 4\nStep 4: Press '=' button"
    ],
    "expected_result": "Result should display 20 correctly",
    "automation_statuses": "windows can automate",
    "tags": "calculator,windows,basic"
  },
  {
    "project_name": "Calculator",
    "test_suite_name": "testsuite",
    "section_path": "test02",
    "test_case_id": 198,
    "title": "Verify Addition - Test Case 31",
    "preconditions": "Windows OS installed and Calculator application available",
    "steps": [
      "Step 1: Open Calculator app\nStep 2: Ensure Standard mode is selected\nStep 3: Enter 5 + 3\nStep 4: Press '=' button"
    ],
    "expected_result": "Result should display 8 correctly",
    "automation_statuses": "windows can automate",
    "tags": "calculator,windows,basic"
  },
  {
    "project_name": "Calculator",
    "test_suite_name": "testsuite",
    "section_path": "test02",
    "test_case_id": 199,
    "title": "Verify Subtraction - Test Case 32",
    "preconditions": "Windows OS installed and Calculator application available",
    "steps": [
      "Step 1: Open Calculator app\nStep 2: Ensure Standard mode is selected\nStep 3: Enter 9 - 4\nStep 4: Press '=' button"
    ],
    "expected_result": "Result should display 5 correctly",
    "automation_statuses": "windows can automate",
    "tags": "calculator,windows,basic"
  },
  {
    "project_name": "Calculator",
    "test_suite_name": "testsuite",
    "section_path": "test02",
    "test_case_id": 200,
    "title": "Verify Multiplication - Test Case 33",
    "preconditions": "Windows OS installed and Calculator application available",
    "steps": [
      "Step 1: Open Calculator app\nStep 2: Ensure Standard mode is selected\nStep 3: Enter 6 * 7\nStep 4: Press '=' button"
    ],
    "expected_result": "Result should display 42 correctly",
    "automation_statuses": "windows can automate",
    "tags": "calculator,windows,basic"
  },
  {
    "project_name": "Calculator",
    "test_suite_name": "testsuite",
    "section_path": "test02",
    "test_case_id": 201,
    "title": "Verify Division - Test Case 34",
    "preconditions": "Windows OS installed and Calculator application available",
    "steps": [
      "Step 1: Open Calculator app\nStep 2: Ensure Standard mode is selected\nStep 3: Enter 8 / 2\nStep 4: Press '=' button"
    ],
    "expected_result": "Result should display 4 correctly",
    "automation_statuses": "windows can automate",
    "tags": "calculator,windows,basic"
  },
  {
    "project_name": "Calculator",
    "test_suite_name": "testsuite",
    "section_path": "test02",
    "test_case_id": 202,
    "title": "Verify Decimal Addition - Test Case 35",
    "preconditions": "Windows OS installed and Calculator application available",
    "steps": [
      "Step 1: Open Calculator app\nStep 2: Ensure Standard mode is selected\nStep 3: Enter 5.5 + 2.3\nStep 4: Press '=' button"
    ],
    "expected_result": "Result should display 7.8 correctly",
    "automation_statuses": "windows can automate",
    "tags": "calculator,windows,basic"
  },
  {
    "project_name": "Calculator",
    "test_suite_name": "testsuite",
    "section_path": "test02",
    "test_case_id": 203,
    "title": "Verify Negative Addition - Test Case 36",
    "preconditions": "Windows OS installed and Calculator application available",
    "steps": [
      "Step 1: Open Calculator app\nStep 2: Ensure Standard mode is selected\nStep 3: Enter -5 + 3\nStep 4: Press '=' button"
    ],
    "expected_result": "Result should display -2 correctly",
    "automation_statuses": "windows can automate",
    "tags": "calculator,windows,basic"
  },
  {
    "project_name": "Calculator",
    "test_suite_name": "testsuite",
    "section_path": "test02",
    "test_case_id": 204,
    "title": "Verify Large Number Addition - Test Case 37",
    "preconditions": "Windows OS installed and Calculator application available",
    "steps": [
      "Step 1: Open Calculator app\nStep 2: Ensure Standard mode is selected\nStep 3: Enter 123456 + 654321\nStep 4: Press '=' button"
    ],
    "expected_result": "Result should display 777777 correctly",
    "automation_statuses": "windows can automate",
    "tags": "calculator,windows,basic"
  },
  {
    "project_name": "Calculator",
    "test_suite_name": "testsuite",
    "section_path": "test02",
    "test_case_id": 205,
    "title": "Verify Percentage Calculation - Test Case 38",
    "preconditions": "Windows OS installed and Calculator application available",
    "steps": [
      "Step 1: Open Calculator app\nStep 2: Ensure Standard mode is selected\nStep 3: Enter 200 * 10%\nStep 4: Press '=' button"
    ],
    "expected_result": "Result should display 20 correctly",
    "automation_statuses": "windows can automate",
    "tags": "calculator,windows,basic"
  },
  {
    "project_name": "Calculator",
    "test_suite_name": "testsuite",
    "section_path": "test02",
    "test_case_id": 206,
    "title": "Verify Square Calculation - Test Case 39",
    "preconditions": "Windows OS installed and Calculator application available",
    "steps": [
      "Step 1: Open Calculator app\nStep 2: Ensure Standard mode is selected\nStep 3: Enter 4 * 4\nStep 4: Press '=' button"
    ],
    "expected_result": "Result should display 16 correctly",
    "automation_statuses": "windows can automate",
    "tags": "calculator,windows,basic"
  },
  {
    "project_name": "Calculator",
    "test_suite_name": "testsuite",
    "section_path": "test02",
    "test_case_id": 207,
    "title": "Verify Sequential Operation - Test Case 40",
    "preconditions": "Windows OS installed and Calculator application available",
    "steps": [
      "Step 1: Open Calculator app\nStep 2: Ensure Standard mode is selected\nStep 3: Enter 2 + 3 * 4\nStep 4: Press '=' button"
    ],
    "expected_result": "Result should display 20 correctly",
    "automation_statuses": "windows can automate",
    "tags": "calculator,windows,basic"
  },
  {
    "project_name": "Calculator",
    "test_suite_name": "testsuite",
    "section_path": "test02",
    "test_case_id": 208,
    "title": "Verify Addition - Test Case 41",
    "preconditions": "Windows OS installed and Calculator application available",
    "steps": [
      "Step 1: Open Calculator app\nStep 2: Ensure Standard mode is selected\nStep 3: Enter 5 + 3\nStep 4: Press '=' button"
    ],
    "expected_result": "Result should display 8 correctly",
    "automation_statuses": "windows can automate",
    "tags": "calculator,windows,basic"
  },
  {
    "project_name": "Calculator",
    "test_suite_name": "testsuite",
    "section_path": "test02",
    "test_case_id": 209,
    "title": "Verify Subtraction - Test Case 42",
    "preconditions": "Windows OS installed and Calculator application available",
    "steps": [
      "Step 1: Open Calculator app\nStep 2: Ensure Standard mode is selected\nStep 3: Enter 9 - 4\nStep 4: Press '=' button"
    ],
    "expected_result": "Result should display 5 correctly",
    "automation_statuses": "windows can automate",
    "tags": "calculator,windows,basic"
  },
  {
    "project_name": "Calculator",
    "test_suite_name": "testsuite",
    "section_path": "test02",
    "test_case_id": 210,
    "title": "Verify Multiplication - Test Case 43",
    "preconditions": "Windows OS installed and Calculator application available",
    "steps": [
      "Step 1: Open Calculator app\nStep 2: Ensure Standard mode is selected\nStep 3: Enter 6 * 7\nStep 4: Press '=' button"
    ],
    "expected_result": "Result should display 42 correctly",
    "automation_statuses": "windows can automate",
    "tags": "calculator,windows,basic"
  },
  {
    "project_name": "Calculator",
    "test_suite_name": "testsuite",
    "section_path": "test02",
    "test_case_id": 211,
    "title": "Verify Division - Test Case 44",
    "preconditions": "Windows OS installed and Calculator application available",
    "steps": [
      "Step 1: Open Calculator app\nStep 2: Ensure Standard mode is selected\nStep 3: Enter 8 / 2\nStep 4: Press '=' button"
    ],
    "expected_result": "Result should display 4 correctly",
    "automation_statuses": "windows can automate",
    "tags": "calculator,windows,basic"
  },
  {
    "project_name": "Calculator",
    "test_suite_name": "testsuite",
    "section_path": "test02",
    "test_case_id": 212,
    "title": "Verify Decimal Addition - Test Case 45",
    "preconditions": "Windows OS installed and Calculator application available",
    "steps": [
      "Step 1: Open Calculator app\nStep 2: Ensure Standard mode is selected\nStep 3: Enter 5.5 + 2.3\nStep 4: Press '=' button"
    ],
    "expected_result": "Result should display 7.8 correctly",
    "automation_statuses": "windows can automate",
    "tags": "calculator,windows,basic"
  },
  {
    "project_name": "Calculator",
    "test_suite_name": "testsuite",
    "section_path": "test02",
    "test_case_id": 213,
    "title": "Verify Negative Addition - Test Case 46",
    "preconditions": "Windows OS installed and Calculator application available",
    "steps": [
      "Step 1: Open Calculator app\nStep 2: Ensure Standard mode is selected\nStep 3: Enter -5 + 3\nStep 4: Press '=' button"
    ],
    "expected_result": "Result should display -2 correctly",
    "automation_statuses": "windows can automate",
    "tags": "calculator,windows,basic"
  },
  {
    "project_name": "Calculator",
    "test_suite_name": "testsuite",
    "section_path": "test02",
    "test_case_id": 214,
    "title": "Verify Large Number Addition - Test Case 47",
    "preconditions": "Windows OS installed and Calculator application available",
    "steps": [
      "Step 1: Open Calculator app\nStep 2: Ensure Standard mode is selected\nStep 3: Enter 123456 + 654321\nStep 4: Press '=' button"
    ],
    "expected_result": "Result should display 777777 correctly",
    "automation_statuses": "windows can automate",
    "tags": "calculator,windows,basic"
  },
  {
    "project_name": "Calculator",
    "test_suite_name": "testsuite",
    "section_path": "test02",
    "test_case_id": 215,
    "title": "Verify Percentage Calculation - Test Case 48",
    "preconditions": "Windows OS installed and Calculator application available",
    "steps": [
      "Step 1: Open Calculator app\nStep 2: Ensure Standard mode is selected\nStep 3: Enter 200 * 10%\nStep 4: Press '=' button"
    ],
    "expected_result": "Result should display 20 correctly",
    "automation_statuses": "windows can automate",
    "tags": "calculator,windows,basic"
  },
  {
    "project_name": "Calculator",
    "test_suite_name": "testsuite",
    "section_path": "test02",
    "test_case_id": 216,
    "title": "Verify Square Calculation - Test Case 49",
    "preconditions": "Windows OS installed and Calculator application available",
    "steps": [
      "Step 1: Open Calculator app\nStep 2: Ensure Standard mode is selected\nStep 3: Enter 4 * 4\nStep 4: Press '=' button"
    ],
    "expected_result": "Result should display 16 correctly",
    "automation_statuses": "windows can automate",
    "tags": "calculator,windows,basic"
  },
  {
    "project_name": "Calculator",
    "test_suite_name": "testsuite",
    "section_path": "test02",
    "test_case_id": 217,
    "title": "Verify Sequential Operation - Test Case 50",
    "preconditions": "Windows OS installed and Calculator application available",
    "steps": [
      "Step 1: Open Calculator app\nStep 2: Ensure Standard mode is selected\nStep 3: Enter 2 + 3 * 4\nStep 4: Press '=' button"
    ],
    "expected_result": "Result should display 20 correctly",
    "automation_statuses": "windows can automate",
    "tags": "calculator,windows,basic"
  }
]