[
  {
    "project_name": "Calculator",
    "test_suite_name": "testsuite",
    "section_path": "test02",
    "test_case_id": 308,
    "title": "Verify Addition - Test Case 141",
    "preconditions": "Windows OS installed and Calculator application available",
    "steps": [
      "Step 1: Open Calculator app\nStep 2: Ensure Standard mode is selected\nStep 3: Enter 5 + 3\nStep 4: Press '=' button"
    ],
    "expected_result": "Result should display 8 correctly",
    "automation_statuses": "",
    "tags": "calculator,windows,basic",
    "insufficient_reason": "Automation status not mentioned or unclear"
  },
  {
    "project_name": "Calculator",
    "test_suite_name": "testsuite",
    "section_path": "test02",
    "test_case_id": 309,
    "title": "Verify Subtraction - Test Case 142",
    "preconditions": "Windows OS installed and Calculator application available",
    "steps": [
      "Step 1: Open Calculator app\nStep 2: Ensure Standard mode is selected\nStep 3: Enter 9 - 4\nStep 4: Press '=' button"
    ],
    "expected_result": "Result should display 5 correctly",
    "automation_statuses": "",
    "tags": "calculator,windows,basic",
    "insufficient_reason": "Automation status not mentioned or unclear"
  },
  {
    "project_name": "Calculator",
    "test_suite_name": "testsuite",
    "section_path": "test02",
    "test_case_id": 310,
    "title": "Verify Multiplication - Test Case 143",
    "preconditions": "Windows OS installed and Calculator application available",
    "steps": [
      "Step 1: Open Calculator app\nStep 2: Ensure Standard mode is selected\nStep 3: Enter 6 * 7\nStep 4: Press '=' button"
    ],
    "expected_result": "Result should display 42 correctly",
    "automation_statuses": "",
    "tags": "calculator,windows,basic",
    "insufficient_reason": "Automation status not mentioned or unclear"
  },
  {
    "project_name": "Calculator",
    "test_suite_name": "testsuite",
    "section_path": "test02",
    "test_case_id": 311,
    "title": "Verify Division - Test Case 144",
    "preconditions": "Windows OS installed and Calculator application available",
    "steps": [
      "Step 1: Open Calculator app\nStep 2: Ensure Standard mode is selected\nStep 3: Enter 8 / 2\nStep 4: Press '=' button"
    ],
    "expected_result": "Result should display 4 correctly",
    "automation_statuses": "",
    "tags": "calculator,windows,basic",
    "insufficient_reason": "Automation status not mentioned or unclear"
  },
  {
    "project_name": "Calculator",
    "test_suite_name": "testsuite",
    "section_path": "test02",
    "test_case_id": 312,
    "title": "Verify Decimal Addition - Test Case 145",
    "preconditions": "Windows OS installed and Calculator application available",
    "steps": [
      "Step 1: Open Calculator app\nStep 2: Ensure Standard mode is selected\nStep 3: Enter 5.5 + 2.3\nStep 4: Press '=' button"
    ],
    "expected_result": "Result should display 7.8 correctly",
    "automation_statuses": "",
    "tags": "calculator,windows,basic",
    "insufficient_reason": "Automation status not mentioned or unclear"
  },
  {
    "project_name": "Calculator",
    "test_suite_name": "testsuite",
    "section_path": "test02",
    "test_case_id": 313,
    "title": "Verify Negative Addition - Test Case 146",
    "preconditions": "Windows OS installed and Calculator application available",
    "steps": [
      "Step 1: Open Calculator app\nStep 2: Ensure Standard mode is selected\nStep 3: Enter -5 + 3\nStep 4: Press '=' button"
    ],
    "expected_result": "Result should display -2 correctly",
    "automation_statuses": "",
    "tags": "calculator,windows,basic",
    "insufficient_reason": "Automation status not mentioned or unclear"
  },
  {
    "project_name": "Calculator",
    "test_suite_name": "testsuite",
    "section_path": "test02",
    "test_case_id": 314,
    "title": "Verify Large Number Addition - Test Case 147",
    "preconditions": "Windows OS installed and Calculator application available",
    "steps": [
      "Step 1: Open Calculator app\nStep 2: Ensure Standard mode is selected\nStep 3: Enter 123456 + 654321\nStep 4: Press '=' button"
    ],
    "expected_result": "Result should display 777777 correctly",
    "automation_statuses": "",
    "tags": "calculator,windows,basic",
    "insufficient_reason": "Automation status not mentioned or unclear"
  },
  {
    "project_name": "Calculator",
    "test_suite_name": "testsuite",
    "section_path": "test02",
    "test_case_id": 315,
    "title": "Verify Percentage Calculation - Test Case 148",
    "preconditions": "Windows OS installed and Calculator application available",
    "steps": [
      "Step 1: Open Calculator app\nStep 2: Ensure Standard mode is selected\nStep 3: Enter 200 * 10%\nStep 4: Press '=' button"
    ],
    "expected_result": "Result should display 20 correctly",
    "automation_statuses": "",
    "tags": "calculator,windows,basic",
    "insufficient_reason": "Automation status not mentioned or unclear"
  },
  {
    "project_name": "Calculator",
    "test_suite_name": "testsuite",
    "section_path": "test02",
    "test_case_id": 316,
    "title": "Verify Square Calculation - Test Case 149",
    "preconditions": "Windows OS installed and Calculator application available",
    "steps": [
      "Step 1: Open Calculator app\nStep 2: Ensure Standard mode is selected\nStep 3: Enter 4 * 4\nStep 4: Press '=' button"
    ],
    "expected_result": "Result should display 16 correctly",
    "automation_statuses": "",
    "tags": "calculator,windows,basic",
    "insufficient_reason": "Automation status not mentioned or unclear"
  },
  {
    "project_name": "Calculator",
    "test_suite_name": "testsuite",
    "section_path": "test02",
    "test_case_id": 317,
    "title": "Verify Sequential Operation - Test Case 150",
    "preconditions": "Windows OS installed and Calculator application available",
    "steps": [
      "Step 1: Open Calculator app\nStep 2: Ensure Standard mode is selected\nStep 3: Enter 2 + 3 * 4\nStep 4: Press '=' button"
    ],
    "expected_result": "Result should display 20 correctly",
    "automation_statuses": "",
    "tags": "calculator,windows,basic",
    "insufficient_reason": "Automation status not mentioned or unclear"
  }
]