[
  {
    "project_name": "Calculator",
    "test_suite_name": "testsuite",
    "section_path": "test02",
    "test_case_id": 268,
    "title": "Verify Addition - Test Case 101",
    "preconditions": "Windows OS installed and Calculator application available",
    "steps": [
      "Step 1: Open Calculator app\nStep 2: Ensure Standard mode is selected\nStep 3: Enter 5 + 3\nStep 4: Press '=' button"
    ],
    "expected_result": "Result should display 8 correctly",
    "automation_statuses": "windows cannot automate",
    "tags": "calculator,windows,basic"
  },
  {
    "project_name": "Calculator",
    "test_suite_name": "testsuite",
    "section_path": "test02",
    "test_case_id": 269,
    "title": "Verify Subtraction - Test Case 102",
    "preconditions": "Windows OS installed and Calculator application available",
    "steps": [
      "Step 1: Open Calculator app\nStep 2: Ensure Standard mode is selected\nStep 3: Enter 9 - 4\nStep 4: Press '=' button"
    ],
    "expected_result": "Result should display 5 correctly",
    "automation_statuses": "windows cannot automate",
    "tags": "calculator,windows,basic"
  },
  {
    "project_name": "Calculator",
    "test_suite_name": "testsuite",
    "section_path": "test02",
    "test_case_id": 270,
    "title": "Verify Multiplication - Test Case 103",
    "preconditions": "Windows OS installed and Calculator application available",
    "steps": [
      "Step 1: Open Calculator app\nStep 2: Ensure Standard mode is selected\nStep 3: Enter 6 * 7\nStep 4: Press '=' button"
    ],
    "expected_result": "Result should display 42 correctly",
    "automation_statuses": "windows cannot automate",
    "tags": "calculator,windows,basic"
  },
  {
    "project_name": "Calculator",
    "test_suite_name": "testsuite",
    "section_path": "test02",
    "test_case_id": 271,
    "title": "Verify Division - Test Case 104",
    "preconditions": "Windows OS installed and Calculator application available",
    "steps": [
      "Step 1: Open Calculator app\nStep 2: Ensure Standard mode is selected\nStep 3: Enter 8 / 2\nStep 4: Press '=' button"
    ],
    "expected_result": "Result should display 4 correctly",
    "automation_statuses": "windows cannot automate",
    "tags": "calculator,windows,basic"
  },
  {
    "project_name": "Calculator",
    "test_suite_name": "testsuite",
    "section_path": "test02",
    "test_case_id": 272,
    "title": "Verify Decimal Addition - Test Case 105",
    "preconditions": "Windows OS installed and Calculator application available",
    "steps": [
      "Step 1: Open Calculator app\nStep 2: Ensure Standard mode is selected\nStep 3: Enter 5.5 + 2.3\nStep 4: Press '=' button"
    ],
    "expected_result": "Result should display 7.8 correctly",
    "automation_statuses": "windows cannot automate",
    "tags": "calculator,windows,basic"
  },
  {
    "project_name": "Calculator",
    "test_suite_name": "testsuite",
    "section_path": "test02",
    "test_case_id": 273,
    "title": "Verify Negative Addition - Test Case 106",
    "preconditions": "Windows OS installed and Calculator application available",
    "steps": [
      "Step 1: Open Calculator app\nStep 2: Ensure Standard mode is selected\nStep 3: Enter -5 + 3\nStep 4: Press '=' button"
    ],
    "expected_result": "Result should display -2 correctly",
    "automation_statuses": "windows cannot automate",
    "tags": "calculator,windows,basic"
  },
  {
    "project_name": "Calculator",
    "test_suite_name": "testsuite",
    "section_path": "test02",
    "test_case_id": 274,
    "title": "Verify Large Number Addition - Test Case 107",
    "preconditions": "Windows OS installed and Calculator application available",
    "steps": [
      "Step 1: Open Calculator app\nStep 2: Ensure Standard mode is selected\nStep 3: Enter 123456 + 654321\nStep 4: Press '=' button"
    ],
    "expected_result": "Result should display 777777 correctly",
    "automation_statuses": "windows cannot automate",
    "tags": "calculator,windows,basic"
  },
  {
    "project_name": "Calculator",
    "test_suite_name": "testsuite",
    "section_path": "test02",
    "test_case_id": 275,
    "title": "Verify Percentage Calculation - Test Case 108",
    "preconditions": "Windows OS installed and Calculator application available",
    "steps": [
      "Step 1: Open Calculator app\nStep 2: Ensure Standard mode is selected\nStep 3: Enter 200 * 10%\nStep 4: Press '=' button"
    ],
    "expected_result": "Result should display 20 correctly",
    "automation_statuses": "windows cannot automate",
    "tags": "calculator,windows,basic"
  },
  {
    "project_name": "Calculator",
    "test_suite_name": "testsuite",
    "section_path": "test02",
    "test_case_id": 276,
    "title": "Verify Square Calculation - Test Case 109",
    "preconditions": "Windows OS installed and Calculator application available",
    "steps": [
      "Step 1: Open Calculator app\nStep 2: Ensure Standard mode is selected\nStep 3: Enter 4 * 4\nStep 4: Press '=' button"
    ],
    "expected_result": "Result should display 16 correctly",
    "automation_statuses": "windows cannot automate",
    "tags": "calculator,windows,basic"
  },
  {
    "project_name": "Calculator",
    "test_suite_name": "testsuite",
    "section_path": "test02",
    "test_case_id": 277,
    "title": "Verify Sequential Operation - Test Case 110",
    "preconditions": "Windows OS installed and Calculator application available",
    "steps": [
      "Step 1: Open Calculator app\nStep 2: Ensure Standard mode is selected\nStep 3: Enter 2 + 3 * 4\nStep 4: Press '=' button"
    ],
    "expected_result": "Result should display 20 correctly",
    "automation_statuses": "windows cannot automate",
    "tags": "calculator,windows,basic"
  },
  {
    "project_name": "Calculator",
    "test_suite_name": "testsuite",
    "section_path": "test02",
    "test_case_id": 278,
    "title": "Verify Addition - Test Case 111",
    "preconditions": "Windows OS installed and Calculator application available",
    "steps": [
      "Step 1: Open Calculator app\nStep 2: Ensure Standard mode is selected\nStep 3: Enter 5 + 3\nStep 4: Press '=' button"
    ],
    "expected_result": "Result should display 8 correctly",
    "automation_statuses": "windows cannot automate",
    "tags": "calculator,windows,basic"
  },
  {
    "project_name": "Calculator",
    "test_suite_name": "testsuite",
    "section_path": "test02",
    "test_case_id": 279,
    "title": "Verify Subtraction - Test Case 112",
    "preconditions": "Windows OS installed and Calculator application available",
    "steps": [
      "Step 1: Open Calculator app\nStep 2: Ensure Standard mode is selected\nStep 3: Enter 9 - 4\nStep 4: Press '=' button"
    ],
    "expected_result": "Result should display 5 correctly",
    "automation_statuses": "windows cannot automate",
    "tags": "calculator,windows,basic"
  },
  {
    "project_name": "Calculator",
    "test_suite_name": "testsuite",
    "section_path": "test02",
    "test_case_id": 280,
    "title": "Verify Multiplication - Test Case 113",
    "preconditions": "Windows OS installed and Calculator application available",
    "steps": [
      "Step 1: Open Calculator app\nStep 2: Ensure Standard mode is selected\nStep 3: Enter 6 * 7\nStep 4: Press '=' button"
    ],
    "expected_result": "Result should display 42 correctly",
    "automation_statuses": "windows cannot automate",
    "tags": "calculator,windows,basic"
  },
  {
    "project_name": "Calculator",
    "test_suite_name": "testsuite",
    "section_path": "test02",
    "test_case_id": 281,
    "title": "Verify Division - Test Case 114",
    "preconditions": "Windows OS installed and Calculator application available",
    "steps": [
      "Step 1: Open Calculator app\nStep 2: Ensure Standard mode is selected\nStep 3: Enter 8 / 2\nStep 4: Press '=' button"
    ],
    "expected_result": "Result should display 4 correctly",
    "automation_statuses": "windows cannot automate",
    "tags": "calculator,windows,basic"
  },
  {
    "project_name": "Calculator",
    "test_suite_name": "testsuite",
    "section_path": "test02",
    "test_case_id": 282,
    "title": "Verify Decimal Addition - Test Case 115",
    "preconditions": "Windows OS installed and Calculator application available",
    "steps": [
      "Step 1: Open Calculator app\nStep 2: Ensure Standard mode is selected\nStep 3: Enter 5.5 + 2.3\nStep 4: Press '=' button"
    ],
    "expected_result": "Result should display 7.8 correctly",
    "automation_statuses": "windows cannot automate",
    "tags": "calculator,windows,basic"
  },
  {
    "project_name": "Calculator",
    "test_suite_name": "testsuite",
    "section_path": "test02",
    "test_case_id": 283,
    "title": "Verify Negative Addition - Test Case 116",
    "preconditions": "Windows OS installed and Calculator application available",
    "steps": [
      "Step 1: Open Calculator app\nStep 2: Ensure Standard mode is selected\nStep 3: Enter -5 + 3\nStep 4: Press '=' button"
    ],
    "expected_result": "Result should display -2 correctly",
    "automation_statuses": "windows cannot automate",
    "tags": "calculator,windows,basic"
  },
  {
    "project_name": "Calculator",
    "test_suite_name": "testsuite",
    "section_path": "test02",
    "test_case_id": 284,
    "title": "Verify Large Number Addition - Test Case 117",
    "preconditions": "Windows OS installed and Calculator application available",
    "steps": [
      "Step 1: Open Calculator app\nStep 2: Ensure Standard mode is selected\nStep 3: Enter 123456 + 654321\nStep 4: Press '=' button"
    ],
    "expected_result": "Result should display 777777 correctly",
    "automation_statuses": "windows cannot automate",
    "tags": "calculator,windows,basic"
  },
  {
    "project_name": "Calculator",
    "test_suite_name": "testsuite",
    "section_path": "test02",
    "test_case_id": 285,
    "title": "Verify Percentage Calculation - Test Case 118",
    "preconditions": "Windows OS installed and Calculator application available",
    "steps": [
      "Step 1: Open Calculator app\nStep 2: Ensure Standard mode is selected\nStep 3: Enter 200 * 10%\nStep 4: Press '=' button"
    ],
    "expected_result": "Result should display 20 correctly",
    "automation_statuses": "windows cannot automate",
    "tags": "calculator,windows,basic"
  },
  {
    "project_name": "Calculator",
    "test_suite_name": "testsuite",
    "section_path": "test02",
    "test_case_id": 286,
    "title": "Verify Square Calculation - Test Case 119",
    "preconditions": "Windows OS installed and Calculator application available",
    "steps": [
      "Step 1: Open Calculator app\nStep 2: Ensure Standard mode is selected\nStep 3: Enter 4 * 4\nStep 4: Press '=' button"
    ],
    "expected_result": "Result should display 16 correctly",
    "automation_statuses": "windows cannot automate",
    "tags": "calculator,windows,basic"
  },
  {
    "project_name": "Calculator",
    "test_suite_name": "testsuite",
    "section_path": "test02",
    "test_case_id": 287,
    "title": "Verify Sequential Operation - Test Case 120",
    "preconditions": "Windows OS installed and Calculator application available",
    "steps": [
      "Step 1: Open Calculator app\nStep 2: Ensure Standard mode is selected\nStep 3: Enter 2 + 3 * 4\nStep 4: Press '=' button"
    ],
    "expected_result": "Result should display 20 correctly",
    "automation_statuses": "windows cannot automate",
    "tags": "calculator,windows,basic"
  },
  {
    "project_name": "Calculator",
    "test_suite_name": "testsuite",
    "section_path": "test02",
    "test_case_id": 288,
    "title": "Verify Addition - Test Case 121",
    "preconditions": "Windows OS installed and Calculator application available",
    "steps": [
      "Step 1: Open Calculator app\nStep 2: Ensure Standard mode is selected\nStep 3: Enter 5 + 3\nStep 4: Press '=' button"
    ],
    "expected_result": "Result should display 8 correctly",
    "automation_statuses": "windows cannot automate",
    "tags": "calculator,windows,basic"
  },
  {
    "project_name": "Calculator",
    "test_suite_name": "testsuite",
    "section_path": "test02",
    "test_case_id": 289,
    "title": "Verify Subtraction - Test Case 122",
    "preconditions": "Windows OS installed and Calculator application available",
    "steps": [
      "Step 1: Open Calculator app\nStep 2: Ensure Standard mode is selected\nStep 3: Enter 9 - 4\nStep 4: Press '=' button"
    ],
    "expected_result": "Result should display 5 correctly",
    "automation_statuses": "windows cannot automate",
    "tags": "calculator,windows,basic"
  },
  {
    "project_name": "Calculator",
    "test_suite_name": "testsuite",
    "section_path": "test02",
    "test_case_id": 290,
    "title": "Verify Multiplication - Test Case 123",
    "preconditions": "Windows OS installed and Calculator application available",
    "steps": [
      "Step 1: Open Calculator app\nStep 2: Ensure Standard mode is selected\nStep 3: Enter 6 * 7\nStep 4: Press '=' button"
    ],
    "expected_result": "Result should display 42 correctly",
    "automation_statuses": "windows cannot automate",
    "tags": "calculator,windows,basic"
  },
  {
    "project_name": "Calculator",
    "test_suite_name": "testsuite",
    "section_path": "test02",
    "test_case_id": 291,
    "title": "Verify Division - Test Case 124",
    "preconditions": "Windows OS installed and Calculator application available",
    "steps": [
      "Step 1: Open Calculator app\nStep 2: Ensure Standard mode is selected\nStep 3: Enter 8 / 2\nStep 4: Press '=' button"
    ],
    "expected_result": "Result should display 4 correctly",
    "automation_statuses": "windows cannot automate",
    "tags": "calculator,windows,basic"
  },
  {
    "project_name": "Calculator",
    "test_suite_name": "testsuite",
    "section_path": "test02",
    "test_case_id": 292,
    "title": "Verify Decimal Addition - Test Case 125",
    "preconditions": "Windows OS installed and Calculator application available",
    "steps": [
      "Step 1: Open Calculator app\nStep 2: Ensure Standard mode is selected\nStep 3: Enter 5.5 + 2.3\nStep 4: Press '=' button"
    ],
    "expected_result": "Result should display 7.8 correctly",
    "automation_statuses": "windows cannot automate",
    "tags": "calculator,windows,basic"
  },
  {
    "project_name": "Calculator",
    "test_suite_name": "testsuite",
    "section_path": "test02",
    "test_case_id": 293,
    "title": "Verify Negative Addition - Test Case 126",
    "preconditions": "Windows OS installed and Calculator application available",
    "steps": [
      "Step 1: Open Calculator app\nStep 2: Ensure Standard mode is selected\nStep 3: Enter -5 + 3\nStep 4: Press '=' button"
    ],
    "expected_result": "Result should display -2 correctly",
    "automation_statuses": "windows cannot automate",
    "tags": "calculator,windows,basic"
  },
  {
    "project_name": "Calculator",
    "test_suite_name": "testsuite",
    "section_path": "test02",
    "test_case_id": 294,
    "title": "Verify Large Number Addition - Test Case 127",
    "preconditions": "Windows OS installed and Calculator application available",
    "steps": [
      "Step 1: Open Calculator app\nStep 2: Ensure Standard mode is selected\nStep 3: Enter 123456 + 654321\nStep 4: Press '=' button"
    ],
    "expected_result": "Result should display 777777 correctly",
    "automation_statuses": "windows cannot automate",
    "tags": "calculator,windows,basic"
  },
  {
    "project_name": "Calculator",
    "test_suite_name": "testsuite",
    "section_path": "test02",
    "test_case_id": 295,
    "title": "Verify Percentage Calculation - Test Case 128",
    "preconditions": "Windows OS installed and Calculator application available",
    "steps": [
      "Step 1: Open Calculator app\nStep 2: Ensure Standard mode is selected\nStep 3: Enter 200 * 10%\nStep 4: Press '=' button"
    ],
    "expected_result": "Result should display 20 correctly",
    "automation_statuses": "windows cannot automate",
    "tags": "calculator,windows,basic"
  },
  {
    "project_name": "Calculator",
    "test_suite_name": "testsuite",
    "section_path": "test02",
    "test_case_id": 296,
    "title": "Verify Square Calculation - Test Case 129",
    "preconditions": "Windows OS installed and Calculator application available",
    "steps": [
      "Step 1: Open Calculator app\nStep 2: Ensure Standard mode is selected\nStep 3: Enter 4 * 4\nStep 4: Press '=' button"
    ],
    "expected_result": "Result should display 16 correctly",
    "automation_statuses": "windows cannot automate",
    "tags": "calculator,windows,basic"
  },
  {
    "project_name": "Calculator",
    "test_suite_name": "testsuite",
    "section_path": "test02",
    "test_case_id": 297,
    "title": "Verify Sequential Operation - Test Case 130",
    "preconditions": "Windows OS installed and Calculator application available",
    "steps": [
      "Step 1: Open Calculator app\nStep 2: Ensure Standard mode is selected\nStep 3: Enter 2 + 3 * 4\nStep 4: Press '=' button"
    ],
    "expected_result": "Result should display 20 correctly",
    "automation_statuses": "windows cannot automate",
    "tags": "calculator,windows,basic"
  },
  {
    "project_name": "Calculator",
    "test_suite_name": "testsuite",
    "section_path": "test02",
    "test_case_id": 298,
    "title": "Verify Addition - Test Case 131",
    "preconditions": "Windows OS installed and Calculator application available",
    "steps": [
      "Step 1: Open Calculator app\nStep 2: Ensure Standard mode is selected\nStep 3: Enter 5 + 3\nStep 4: Press '=' button"
    ],
    "expected_result": "Result should display 8 correctly",
    "automation_statuses": "windows cannot automate",
    "tags": "calculator,windows,basic"
  },
  {
    "project_name": "Calculator",
    "test_suite_name": "testsuite",
    "section_path": "test02",
    "test_case_id": 299,
    "title": "Verify Subtraction - Test Case 132",
    "preconditions": "Windows OS installed and Calculator application available",
    "steps": [
      "Step 1: Open Calculator app\nStep 2: Ensure Standard mode is selected\nStep 3: Enter 9 - 4\nStep 4: Press '=' button"
    ],
    "expected_result": "Result should display 5 correctly",
    "automation_statuses": "windows cannot automate",
    "tags": "calculator,windows,basic"
  },
  {
    "project_name": "Calculator",
    "test_suite_name": "testsuite",
    "section_path": "test02",
    "test_case_id": 300,
    "title": "Verify Multiplication - Test Case 133",
    "preconditions": "Windows OS installed and Calculator application available",
    "steps": [
      "Step 1: Open Calculator app\nStep 2: Ensure Standard mode is selected\nStep 3: Enter 6 * 7\nStep 4: Press '=' button"
    ],
    "expected_result": "Result should display 42 correctly",
    "automation_statuses": "windows cannot automate",
    "tags": "calculator,windows,basic"
  },
  {
    "project_name": "Calculator",
    "test_suite_name": "testsuite",
    "section_path": "test02",
    "test_case_id": 301,
    "title": "Verify Division - Test Case 134",
    "preconditions": "Windows OS installed and Calculator application available",
    "steps": [
      "Step 1: Open Calculator app\nStep 2: Ensure Standard mode is selected\nStep 3: Enter 8 / 2\nStep 4: Press '=' button"
    ],
    "expected_result": "Result should display 4 correctly",
    "automation_statuses": "windows cannot automate",
    "tags": "calculator,windows,basic"
  },
  {
    "project_name": "Calculator",
    "test_suite_name": "testsuite",
    "section_path": "test02",
    "test_case_id": 302,
    "title": "Verify Decimal Addition - Test Case 135",
    "preconditions": "Windows OS installed and Calculator application available",
    "steps": [
      "Step 1: Open Calculator app\nStep 2: Ensure Standard mode is selected\nStep 3: Enter 5.5 + 2.3\nStep 4: Press '=' button"
    ],
    "expected_result": "Result should display 7.8 correctly",
    "automation_statuses": "windows cannot automate",
    "tags": "calculator,windows,basic"
  },
  {
    "project_name": "Calculator",
    "test_suite_name": "testsuite",
    "section_path": "test02",
    "test_case_id": 303,
    "title": "Verify Negative Addition - Test Case 136",
    "preconditions": "Windows OS installed and Calculator application available",
    "steps": [
      "Step 1: Open Calculator app\nStep 2: Ensure Standard mode is selected\nStep 3: Enter -5 + 3\nStep 4: Press '=' button"
    ],
    "expected_result": "Result should display -2 correctly",
    "automation_statuses": "windows cannot automate",
    "tags": "calculator,windows,basic"
  },
  {
    "project_name": "Calculator",
    "test_suite_name": "testsuite",
    "section_path": "test02",
    "test_case_id": 304,
    "title": "Verify Large Number Addition - Test Case 137",
    "preconditions": "Windows OS installed and Calculator application available",
    "steps": [
      "Step 1: Open Calculator app\nStep 2: Ensure Standard mode is selected\nStep 3: Enter 123456 + 654321\nStep 4: Press '=' button"
    ],
    "expected_result": "Result should display 777777 correctly",
    "automation_statuses": "windows cannot automate",
    "tags": "calculator,windows,basic"
  },
  {
    "project_name": "Calculator",
    "test_suite_name": "testsuite",
    "section_path": "test02",
    "test_case_id": 305,
    "title": "Verify Percentage Calculation - Test Case 138",
    "preconditions": "Windows OS installed and Calculator application available",
    "steps": [
      "Step 1: Open Calculator app\nStep 2: Ensure Standard mode is selected\nStep 3: Enter 200 * 10%\nStep 4: Press '=' button"
    ],
    "expected_result": "Result should display 20 correctly",
    "automation_statuses": "windows cannot automate",
    "tags": "calculator,windows,basic"
  },
  {
    "project_name": "Calculator",
    "test_suite_name": "testsuite",
    "section_path": "test02",
    "test_case_id": 306,
    "title": "Verify Square Calculation - Test Case 139",
    "preconditions": "Windows OS installed and Calculator application available",
    "steps": [
      "Step 1: Open Calculator app\nStep 2: Ensure Standard mode is selected\nStep 3: Enter 4 * 4\nStep 4: Press '=' button"
    ],
    "expected_result": "Result should display 16 correctly",
    "automation_statuses": "windows cannot automate",
    "tags": "calculator,windows,basic"
  },
  {
    "project_name": "Calculator",
    "test_suite_name": "testsuite",
    "section_path": "test02",
    "test_case_id": 307,
    "title": "Verify Sequential Operation - Test Case 140",
    "preconditions": "Windows OS installed and Calculator application available",
    "steps": [
      "Step 1: Open Calculator app\nStep 2: Ensure Standard mode is selected\nStep 3: Enter 2 + 3 * 4\nStep 4: Press '=' button"
    ],
    "expected_result": "Result should display 20 correctly",
    "automation_statuses": "windows cannot automate",
    "tags": "calculator,windows,basic"
  }
]