[
  {
    "project_name": "Calculator",
    "test_suite_name": "testsuite",
    "section_path": "Test Cases",
    "test_case_id": 38,
    "title": "Calculator Automated Test Case 1: Addition of two positive numbers",
    "preconditions": "Windows Calculator application is installed and accessible",
    "steps": [
      "1. Open Windows Calculator\n2. Select Standard mode\n3. Enter 25\n4. Click +\n5. Enter 17\n6. Click ="
    ],
    "expected_result": "Result displayed is 42",
    "automation_statuses": "windows can automate",
    "tags": "calculator,automation,arithmetic"
  },
  {
    "project_name": "Calculator",
    "test_suite_name": "testsuite",
    "section_path": "Test Cases",
    "test_case_id": 39,
    "title": "Calculator Automated Test Case 2: Subtraction of two numbers",
    "preconditions": "Windows Calculator application is installed and accessible",
    "steps": [
      "1. Open Windows Calculator\n2. Enter 90\n3. Click -\n4. Enter 45\n5. Click ="
    ],
    "expected_result": "Result displayed is 45",
    "automation_statuses": "windows can automate",
    "tags": "calculator,automation,arithmetic"
  },
  {
    "project_name": "Calculator",
    "test_suite_name": "testsuite",
    "section_path": "Test Cases",
    "test_case_id": 40,
    "title": "Calculator Automated Test Case 3: Multiplication of two numbers",
    "preconditions": "Windows Calculator application is installed and accessible",
    "steps": [
      "1. Open Windows Calculator\n2. Enter 12\n3. Click *\n4. Enter 8\n5. Click ="
    ],
    "expected_result": "Result displayed is 96",
    "automation_statuses": "windows can automate",
    "tags": "calculator,automation,arithmetic"
  },
  {
    "project_name": "Calculator",
    "test_suite_name": "testsuite",
    "section_path": "Test Cases",
    "test_case_id": 41,
    "title": "Calculator Automated Test Case 4: Division of two numbers",
    "preconditions": "Windows Calculator application is installed and accessible",
    "steps": [
      "1. Open Windows Calculator\n2. Enter 144\n3. Click /\n4. Enter 12\n5. Click ="
    ],
    "expected_result": "Result displayed is 12",
    "automation_statuses": "windows can automate",
    "tags": "calculator,automation,arithmetic"
  },
  {
    "project_name": "Calculator",
    "test_suite_name": "testsuite",
    "section_path": "Test Cases",
    "test_case_id": 42,
    "title": "Calculator Automated Test Case 5: Decimal addition",
    "preconditions": "Windows Calculator application is installed and accessible",
    "steps": [
      "1. Open Windows Calculator\n2. Enter 10.5\n3. Click +\n4. Enter 5.25\n5. Click ="
    ],
    "expected_result": "Result displayed is 15.75",
    "automation_statuses": "windows can automate",
    "tags": "calculator,automation,arithmetic"
  },
  {
    "project_name": "Calculator",
    "test_suite_name": "testsuite",
    "section_path": "Test Cases",
    "test_case_id": 43,
    "title": "Calculator Automated Test Case 6: Negative number addition",
    "preconditions": "Windows Calculator application is installed and accessible",
    "steps": [
      "1. Open Windows Calculator\n2. Enter -15\n3. Click +\n4. Enter 5\n5. Click ="
    ],
    "expected_result": "Result displayed is -10",
    "automation_statuses": "windows can automate",
    "tags": "calculator,automation,arithmetic"
  },
  {
    "project_name": "Calculator",
    "test_suite_name": "testsuite",
    "section_path": "Test Cases",
    "test_case_id": 44,
    "title": "Calculator Automated Test Case 7: Large number multiplication",
    "preconditions": "Windows Calculator application is installed and accessible",
    "steps": [
      "1. Open Windows Calculator\n2. Enter 9999\n3. Click *\n4. Enter 99\n5. Click ="
    ],
    "expected_result": "Result displayed is 989901",
    "automation_statuses": "windows can automate",
    "tags": "calculator,automation,arithmetic"
  },
  {
    "project_name": "Calculator",
    "test_suite_name": "testsuite",
    "section_path": "Test Cases",
    "test_case_id": 45,
    "title": "Calculator Automated Test Case 8: Division by zero validation",
    "preconditions": "Windows Calculator application is installed and accessible",
    "steps": [
      "1. Open Windows Calculator\n2. Enter 10\n3. Click /\n4. Enter 0\n5. Click ="
    ],
    "expected_result": "Calculator displays 'Cannot divide by zero'",
    "automation_statuses": "windows can automate",
    "tags": "calculator,automation,arithmetic"
  },
  {
    "project_name": "Calculator",
    "test_suite_name": "testsuite",
    "section_path": "Test Cases",
    "test_case_id": 46,
    "title": "Calculator Automated Test Case 9: Percentage calculation",
    "preconditions": "Windows Calculator application is installed and accessible",
    "steps": [
      "1. Open Windows Calculator\n2. Enter 200\n3. Click *\n4. Enter 10\n5. Click %"
    ],
    "expected_result": "Result displayed is 20",
    "automation_statuses": "windows can automate",
    "tags": "calculator,automation,arithmetic"
  },
  {
    "project_name": "Calculator",
    "test_suite_name": "testsuite",
    "section_path": "Test Cases",
    "test_case_id": 47,
    "title": "Calculator Automated Test Case 10: Square root calculation",
    "preconditions": "Windows Calculator application is installed and accessible",
    "steps": [
      "1. Open Windows Calculator\n2. Enter 81\n3. Click Square Root button\n4. Observe result"
    ],
    "expected_result": "Result displayed is 9",
    "automation_statuses": "windows can automate",
    "tags": "calculator,automation,arithmetic"
  },
  {
    "project_name": "Calculator",
    "test_suite_name": "testsuite",
    "section_path": "Test Cases",
    "test_case_id": 48,
    "title": "Calculator Automated Test Case 11: Square calculation",
    "preconditions": "Windows Calculator application is installed and accessible",
    "steps": [
      "1. Open Windows Calculator\n2. Enter 7\n3. Click Square button\n4. Observe result"
    ],
    "expected_result": "Result displayed is 49",
    "automation_statuses": "windows can automate",
    "tags": "calculator,automation,arithmetic"
  },
  {
    "project_name": "Calculator",
    "test_suite_name": "testsuite",
    "section_path": "Test Cases",
    "test_case_id": 49,
    "title": "Calculator Automated Test Case 12: Reciprocal calculation",
    "preconditions": "Windows Calculator application is installed and accessible",
    "steps": [
      "1. Open Windows Calculator\n2. Enter 4\n3. Click Reciprocal button\n4. Observe result"
    ],
    "expected_result": "Result displayed is 0.25",
    "automation_statuses": "windows can automate",
    "tags": "calculator,automation,arithmetic"
  },
  {
    "project_name": "Calculator",
    "test_suite_name": "testsuite",
    "section_path": "Test Cases",
    "test_case_id": 50,
    "title": "Calculator Automated Test Case 13: Sequential operations precedence",
    "preconditions": "Windows Calculator application is installed and accessible",
    "steps": [
      "1. Open Windows Calculator\n2. Enter 10\n3. Click +\n4. Enter 5\n5. Click *\n6. Enter 2\n7. Click ="
    ],
    "expected_result": "Result displayed follows calculator evaluation rules",
    "automation_statuses": "windows can automate",
    "tags": "calculator,automation,arithmetic"
  },
  {
    "project_name": "Calculator",
    "test_suite_name": "testsuite",
    "section_path": "Test Cases",
    "test_case_id": 51,
    "title": "Calculator Automated Test Case 14: Clear entry functionality",
    "preconditions": "Windows Calculator application is installed and accessible",
    "steps": [
      "1. Open Windows Calculator\n2. Enter 123\n3. Click CE button"
    ],
    "expected_result": "Current entry is cleared",
    "automation_statuses": "windows can automate",
    "tags": "calculator,automation,arithmetic"
  },
  {
    "project_name": "Calculator",
    "test_suite_name": "testsuite",
    "section_path": "Test Cases",
    "test_case_id": 52,
    "title": "Calculator Automated Test Case 15: Backspace functionality",
    "preconditions": "Windows Calculator application is installed and accessible",
    "steps": [
      "1. Open Windows Calculator\n2. Enter 123\n3. Click Backspace button"
    ],
    "expected_result": "Last digit removed and display shows 12",
    "automation_statuses": "windows can automate",
    "tags": "calculator,automation,arithmetic"
  }
]