[
  {
    "project_name": "Calculator",
    "test_suite_name": "testsuite",
    "section_path": "Test Cases",
    "test_case_id": 63,
    "title": "Calculator Insufficient Data Test Case 26",
    "preconditions": "Windows Calculator application is installed",
    "steps": [
      "1. Open Windows Calculator\n2. Navigate to advanced or rarely used mode\n3. Explore functionality\n4. Record behavior"
    ],
    "expected_result": "Behavior documented for clarification and feasibility analysis",
    "automation_statuses": "",
    "tags": "calculator,unknown",
    "insufficient_reason": "Automation status not mentioned or unclear"
  },
  {
    "project_name": "Calculator",
    "test_suite_name": "testsuite",
    "section_path": "Test Cases",
    "test_case_id": 64,
    "title": "Calculator Insufficient Data Test Case 27",
    "preconditions": "Windows Calculator application is installed",
    "steps": [
      "1. Open Windows Calculator\n2. Navigate to advanced or rarely used mode\n3. Explore functionality\n4. Record behavior"
    ],
    "expected_result": "Behavior documented for clarification and feasibility analysis",
    "automation_statuses": "",
    "tags": "calculator,unknown",
    "insufficient_reason": "Automation status not mentioned or unclear"
  },
  {
    "project_name": "Calculator",
    "test_suite_name": "testsuite",
    "section_path": "Test Cases",
    "test_case_id": 65,
    "title": "Calculator Insufficient Data Test Case 28",
    "preconditions": "Windows Calculator application is installed",
    "steps": [
      "1. Open Windows Calculator\n2. Navigate to advanced or rarely used mode\n3. Explore functionality\n4. Record behavior"
    ],
    "expected_result": "Behavior documented for clarification and feasibility analysis",
    "automation_statuses": "",
    "tags": "calculator,unknown",
    "insufficient_reason": "Automation status not mentioned or unclear"
  },
  {
    "project_name": "Calculator",
    "test_suite_name": "testsuite",
    "section_path": "Test Cases",
    "test_case_id": 66,
    "title": "Calculator Insufficient Data Test Case 29",
    "preconditions": "Windows Calculator application is installed",
    "steps": [
      "1. Open Windows Calculator\n2. Navigate to advanced or rarely used mode\n3. Explore functionality\n4. Record behavior"
    ],
    "expected_result": "Behavior documented for clarification and feasibility analysis",
    "automation_statuses": "",
    "tags": "calculator,unknown",
    "insufficient_reason": "Automation status not mentioned or unclear"
  },
  {
    "project_name": "Calculator",
    "test_suite_name": "testsuite",
    "section_path": "Test Cases",
    "test_case_id": 67,
    "title": "Calculator Insufficient Data Test Case 30",
    "preconditions": "Windows Calculator application is installed",
    "steps": [
      "1. Open Windows Calculator\n2. Navigate to advanced or rarely used mode\n3. Explore functionality\n4. Record behavior"
    ],
    "expected_result": "Behavior documented for clarification and feasibility analysis",
    "automation_statuses": "",
    "tags": "calculator,unknown",
    "insufficient_reason": "Automation status not mentioned or unclear"
  }
]