[
  {
    "project_name": "Calculator",
    "test_suite_name": "testsuite",
    "section_path": "Test Cases",
    "test_case_id": 53,
    "title": "Calculator Manual Test Case 16: Verify button alignment in default window size",
    "preconditions": "Windows Calculator application is open",
    "steps": [
      "1. Open Windows Calculator\n2. Perform the described UI validation\n3. Observe visual behavior"
    ],
    "expected_result": "UI behaves visually as expected without distortion or defects",
    "automation_statuses": "windows cannot automate",
    "tags": "calculator,manual,ui"
  },
  {
    "project_name": "Calculator",
    "test_suite_name": "testsuite",
    "section_path": "Test Cases",
    "test_case_id": 54,
    "title": "Calculator Manual Test Case 17: Verify UI scaling after resizing window",
    "preconditions": "Windows Calculator application is open",
    "steps": [
      "1. Open Windows Calculator\n2. Perform the described UI validation\n3. Observe visual behavior"
    ],
    "expected_result": "UI behaves visually as expected without distortion or defects",
    "automation_statuses": "windows cannot automate",
    "tags": "calculator,manual,ui"
  },
  {
    "project_name": "Calculator",
    "test_suite_name": "testsuite",
    "section_path": "Test Cases",
    "test_case_id": 55,
    "title": "Calculator Manual Test Case 18: Verify contrast in dark mode",
    "preconditions": "Windows Calculator application is open",
    "steps": [
      "1. Open Windows Calculator\n2. Perform the described UI validation\n3. Observe visual behavior"
    ],
    "expected_result": "UI behaves visually as expected without distortion or defects",
    "automation_statuses": "windows cannot automate",
    "tags": "calculator,manual,ui"
  },
  {
    "project_name": "Calculator",
    "test_suite_name": "testsuite",
    "section_path": "Test Cases",
    "test_case_id": 56,
    "title": "Calculator Manual Test Case 19: Verify contrast in light mode",
    "preconditions": "Windows Calculator application is open",
    "steps": [
      "1. Open Windows Calculator\n2. Perform the described UI validation\n3. Observe visual behavior"
    ],
    "expected_result": "UI behaves visually as expected without distortion or defects",
    "automation_statuses": "windows cannot automate",
    "tags": "calculator,manual,ui"
  },
  {
    "project_name": "Calculator",
    "test_suite_name": "testsuite",
    "section_path": "Test Cases",
    "test_case_id": 57,
    "title": "Calculator Manual Test Case 20: Verify calculator icon appearance in taskbar",
    "preconditions": "Windows Calculator application is open",
    "steps": [
      "1. Open Windows Calculator\n2. Perform the described UI validation\n3. Observe visual behavior"
    ],
    "expected_result": "UI behaves visually as expected without distortion or defects",
    "automation_statuses": "windows cannot automate",
    "tags": "calculator,manual,ui"
  },
  {
    "project_name": "Calculator",
    "test_suite_name": "testsuite",
    "section_path": "Test Cases",
    "test_case_id": 58,
    "title": "Calculator Manual Test Case 21: Verify tooltip visibility on hover",
    "preconditions": "Windows Calculator application is open",
    "steps": [
      "1. Open Windows Calculator\n2. Perform the described UI validation\n3. Observe visual behavior"
    ],
    "expected_result": "UI behaves visually as expected without distortion or defects",
    "automation_statuses": "windows cannot automate",
    "tags": "calculator,manual,ui"
  },
  {
    "project_name": "Calculator",
    "test_suite_name": "testsuite",
    "section_path": "Test Cases",
    "test_case_id": 59,
    "title": "Calculator Manual Test Case 22: Verify window snapping behavior",
    "preconditions": "Windows Calculator application is open",
    "steps": [
      "1. Open Windows Calculator\n2. Perform the described UI validation\n3. Observe visual behavior"
    ],
    "expected_result": "UI behaves visually as expected without distortion or defects",
    "automation_statuses": "windows cannot automate",
    "tags": "calculator,manual,ui"
  },
  {
    "project_name": "Calculator",
    "test_suite_name": "testsuite",
    "section_path": "Test Cases",
    "test_case_id": 60,
    "title": "Calculator Manual Test Case 23: Verify high DPI scaling behavior",
    "preconditions": "Windows Calculator application is open",
    "steps": [
      "1. Open Windows Calculator\n2. Perform the described UI validation\n3. Observe visual behavior"
    ],
    "expected_result": "UI behaves visually as expected without distortion or defects",
    "automation_statuses": "windows cannot automate",
    "tags": "calculator,manual,ui"
  },
  {
    "project_name": "Calculator",
    "test_suite_name": "testsuite",
    "section_path": "Test Cases",
    "test_case_id": 61,
    "title": "Calculator Manual Test Case 24: Verify accessibility narrator reads buttons correctly",
    "preconditions": "Windows Calculator application is open",
    "steps": [
      "1. Open Windows Calculator\n2. Perform the described UI validation\n3. Observe visual behavior"
    ],
    "expected_result": "UI behaves visually as expected without distortion or defects",
    "automation_statuses": "windows cannot automate",
    "tags": "calculator,manual,ui"
  },
  {
    "project_name": "Calculator",
    "test_suite_name": "testsuite",
    "section_path": "Test Cases",
    "test_case_id": 62,
    "title": "Calculator Manual Test Case 25: Verify visual highlight on button press",
    "preconditions": "Windows Calculator application is open",
    "steps": [
      "1. Open Windows Calculator\n2. Perform the described UI validation\n3. Observe visual behavior"
    ],
    "expected_result": "UI behaves visually as expected without distortion or defects",
    "automation_statuses": "windows cannot automate",
    "tags": "calculator,manual,ui"
  }
]